MLSAreaMajor,closed_sales,median_close_price,average_close_price,median_price_per_sqft,average_days_on_market,average_close_to_original_list_ratio
,65077,700000.0,948769.7184114202,483.20565704183855,41.28539160097727,22.611811882471205
699 - Not Defined,54376,975000.0,1330260.7445738928,683.7606837606837,37.60602103869354,1.1941033221457193
SRCAR - Southwest Riverside County,25762,522105.0,506207.34102243616,274.1754285714286,48.76469218228399,57.70124352474097
252 - Riverside,6782,614950.0,573225.3652300206,346.9715202567188,42.78546151577706,1.008491157687819
248 - Corona,4373,695000.0,611466.9635261834,364.40997007140163,39.60301852275326,236.16385040458783
686 - Ontario,3871,571613.0,478711.85343838803,372.54901960784315,37.70007749935417,1.420904102305471
LAC - Lancaster,3842,442250.0,398740.0633914628,262.0545073375262,58.98568453930245,1.4880520556505383
274 - San Bernardino,3809,460000.0,428552.7101443949,326.97035692679975,44.03150433184563,1.9524267216218794
VIC - Victorville,3804,408000.0,465355.39059674024,221.94541130136145,50.77970557308097,18.999620182198935
688 - Rancho Cucamonga,3671,645000.0,583246.8567992372,394.90725343275494,34.193680196131844,1.2700142633060423
C14 - Santa Monica,3667,8450.0,1001185.9656394874,6.071428571428571,43.936733024270524,2487.5093211585686
263 - Banning/Beaumont/Cherry Valley,3518,460477.5,418854.09465605457,251.2733593337888,52.690733371233655,272.6329738195538
264 - Fontana,3285,605000.0,535104.3187336377,337.8213434969033,36.41095890410959,4.645126642596749
APPV - Apple Valley,3285,385000.0,349705.780304414,231.95876288659792,66.79665144596652,31.57873247669945
259 - Moreno Valley,3161,535000.0,469144.39481176843,292.84477784189266,37.56216387219234,1.9733206271782051
C05 - Westwood - Century City,3103,10018.0,953959.3541733806,5.544040449167905,47.89977441185949,0.9643543459308493
PLM - Palmdale,2958,480000.0,440452.2643678161,271.055179090029,52.834685598377284,1.3145469920238788
C10 - West Hollywood Vicinity,2869,6500.0,567786.58905542,5.046513862860987,52.29801324503311,1.311704267278133
WHLL - Woodland Hills,2728,640125.0,776669.683596041,474.0588520953919,39.66385630498534,1.479316879505567
C42 - Downtown L.A.,2637,3900.0,320979.51559347747,3.7631284916201118,66.61774744027304,0.9741604289750048
83 - Fullerton,2593,820000.0,790173.0535171616,542.7728613569321,27.311222522175086,1.101405369496262
313 - La Quinta South of HWY 111,2563,790000.0,1165475.5275887633,386.84719535783364,62.798283261802574,2.4025042915969554
HSP - Hesperia,2485,440000.0,395263.3054808853,254.7005520789222,54.72072434607646,22.38079794576587
SO - Sherman Oaks,2442,640000.0,942115.5517895167,478.23320105670314,41.04463554463555,0.9765831180178373
LW - Laguna Woods,2367,325000.0,322050.55175327417,319.44444444444446,34.76256865230249,41.642551968054825
C19 - Beverly Center-Miracle Mile,2250,5585.0,625188.3181777778,3.8413964124495132,50.696444444444445,1.007730619242037
610 - Burbank,2248,799950.0,779448.2596975089,576.333765174963,34.25800711743772,0.9830314884760413
670 - Whittier,2226,785000.0,734034.185804133,530.9466019417475,32.692722371967655,461.4346430420625
687 - Pomona,2144,608000.0,514940.82066231343,428.16901408450707,37.36194029850746,1.472586673912236
269 - Yucaipa/Calimesa/Oak Glen,2087,460000.0,399456.7747724006,259.3466334164589,51.63775754671778,0.9732763899491178
C21 - Silver Lake - Echo Park,2078,9500.0,747635.0712223292,5.909090909090909,39.71944177093359,1.4618588923286289
334 - South End Palm Springs,2022,470000.0,694423.1415924827,357.8382385887957,62.07566765578635,1.8025980355642828
15 - West Huntington Beach,2010,748500.0,959907.6741293533,587.8738222040148,39.320398009950246,1.4063855714668503
268 - Redlands,1996,555000.0,496693.5233066132,330.41086602633266,42.4003006012024,1.4882913953086692
NHO - North Hollywood,1991,8500.0,520407.4344550477,4.2,44.41285786037167,0.9853188829134643
681 - Chino,1982,653385.0,550456.3974571141,367.95131845841786,37.486881937436934,491.09028461167986
WLA - West Los Angeles,1949,4795.0,395330.1133914828,3.7266666666666666,47.36839404822986,1.5358956741480965
BKSF - Bakersfield,1925,375000.0,405336.8561038961,229.02623394788924,40.29818181818182,2.8963054574012554
321 - Rancho Mirage,1911,790000.0,1037094.8656462585,365.4970760233918,61.570905285190996,1.4821788429983052
92101 - San Diego Downtown,1895,515000.0,580461.2480211082,610.8312342569269,48.87915567282322,0.961225807066855
85 - Yorba Linda,1863,1100000.0,1096450.349264627,573.421068575329,31.97530864197531,5.432464134762888
690 - Upland,1851,707990.0,660809.2588168557,400.9929495072006,36.95894111291194,1.036919318346493
682 - Chino Hills,1814,780000.0,720762.3572216097,452.81083569395275,31.47960308710033,595.2772614839325
C03 - Sunset Strip - Hollywood Hills West,1801,410000.0,1474880.3414769573,461.7383909599166,56.13714602998334,0.9530046709631268
605 - Arcadia,1788,900000.0,1115292.6772930648,552.4649588991126,38.4658836689038,6.345148522171556
92037 - La Jolla,1787,1225000.0,1981009.13654169,825.7713248638838,43.565752658086176,2.6040823636407575
C16 - Mid Los Angeles,1780,422500.0,609112.4471910113,4.598684210526316,53.6752808988764,322.16484211532264
C06 - Brentwood,1751,25000.0,1737998.3106796117,7.59862735129639,43.15134209023415,0.9633184408987664
ENC - Encino,1745,565000.0,1154374.848372493,418.93362350380846,44.163323782234954,1.0929981581234456
340 - Desert Hot Springs,1721,229900.0,244083.72847762928,215.52367793206434,66.48576409064498,1.9806753840755689
"4 - Downtown Area, Alamitos Beach",1718,387450.0,453075.1635622817,486.2873059287266,56.18742724097788,1.078976221771767
C01 - Beverly Hills,1697,13500.0,2105961.2775486154,5.150135923139425,56.28697701826753,0.9570685442405225
AV - Aliso Viejo,1671,6000.0,502890.3500897666,3.5428571428571427,25.433014354066987,1.0003361049049102
GP - Great Park,1649,7500.0,821214.2359005458,2.7439024390243905,36.0,7.027773506707922
C18 - Hancock Park-Wilshire,1621,7200.0,872172.3133867983,4.078690476190476,49.43183220234423,0.9694886859960755
C13 - Palms - Mar Vista,1616,14900.0,1047945.2252475248,6.887755102040816,42.679455445544555,1.2144604695913734
C20 - Hollywood,1614,4325.0,455482.98057620815,3.4038638454461823,56.72800495662949,1.4981589000857212
PHHT - Park Hills Heights,1574,750000.0,749868.0711562897,526.3157894736842,47.49618805590851,1.0418742958368443
C11 - Venice,1571,10300.0,943726.5302355188,6.6873613063879525,49.58561425843412,0.9635797385524779
14 - South Huntington Beach,1551,750000.0,829927.4145712444,639.3309246152904,30.88201160541586,1.6334126308950625
C34 - Los Angeles Southwest,1540,654000.0,615884.3890259741,458.6607006288468,58.44090909090909,1.6281870270031995
92028 - Fallbrook,1524,795000.0,856150.9701312336,413.48600508905855,46.846456692913385,1.606584057510427
324 - East Palm Desert,1508,465000.0,518614.65898541117,309.2447916666667,56.501656726308816,1196.07896916978
92128 - Rancho Bernardo,1506,805000.0,819943.123505976,587.1757925072046,29.59628154050465,0.9804713160894911
STUD - Studio City,1497,775000.0,1133395.2004008016,561.5801704105345,40.28991315965264,1.6535059242720345
92057 - Oceanside,1497,650000.0,675219.2284569138,458.93909626719056,31.3500334001336,1.6472506615646494
C28 - Culver City,1484,575000.0,771905.2174663073,559.9104143337066,38.8733153638814,2.4788069955262957
WV - Westlake Village,1484,900000.0,1262745.960161725,545.0136239782016,46.70754716981132,1.145548397282395
92078 - San Marcos,1469,785000.0,1334505.7665078284,510.2996254681648,31.65214431586113,2.250600293468157
92056 - Oceanside,1463,835000.0,1370602.3930280246,530.9040285052279,28.67600820232399,2.3153184270431133
17 - Northwest Huntington Beach,1461,898000.0,990733.0828199863,629.6720520858452,36.002737850787135,1.1624214369999595
272 - Rialto,1457,570000.0,500327.75973919017,330.4078471863707,33.2786547700755,1.7227265892998658
322 - North Palm Desert,1433,445000.0,458361.07920446614,277.2341813437704,65.5771109560363,2.186549720004808
79 - Anaheim West of Harbor,1431,775000.0,690588.2250244584,524.8397435897435,29.50593990216632,1.6201946552780715
C12 - Marina Del Rey,1426,15000.0,743788.2103786817,7.5,43.53927068723703,0.9710271917064986
C17 - Mid-Wilshire,1417,3300.0,298856.8568454481,3.496221662468514,48.17713479181369,0.9733185732536115
616 - Diamond Bar,1416,602500.0,672306.8240112994,475.47332185886404,36.6024011299435,1.0088751948449504
249 - Eastvale,1382,730495.0,557593.6751085384,286.64234275074625,31.268451519536903,1.1075204252144426
251 - Jurupa Valley,1347,637578.0,594712.9361544172,357.14285714285717,37.051224944320715,1.7298845953093906
SLO - San Luis Obispo,1337,875000.0,964720.6868436799,593.9507834694302,70.4091249065071,3.514080829336286
669 - West Covina,1331,780000.0,727333.624718257,487.3138832997988,30.125469571750564,5.0677688736405555
92024 - Encinitas,1322,1532500.0,1675174.2125567321,857.0752164502164,36.07337367624811,0.9762523479362666
92071 - Santee,1319,725000.0,691333.386656558,507.706467155266,28.410159211523883,1.7436494978664072
WEH - West Hills,1319,899000.0,717222.8454510993,492.2543328670354,36.2426080363912,0.986381806058586
78 - Anaheim East of Harbor,1287,760000.0,641012.9496581197,501.5735884750429,32.12820512820513,1.7655780864203559
MN - Mission Viejo North,1287,780000.0,734822.4724164724,579.4621026894865,29.373737373737374,3.44659317086537
AGOA - Agoura,1272,609000.0,813201.5896226416,490.5660377358491,42.75235849056604,1.7549208116312673
601 - Alhambra,1270,610000.0,557069.2728188976,367.7563150074294,33.16692913385827,1.7018600894727367
92009 - Carlsbad,1265,1230000.0,1396569.8181818181,625.0388453590673,31.122529644268774,1.985902227902206
629 - Glendora,1263,790000.0,751808.1492478227,493.73764007910347,36.24623911322249,3.4747151062961765
614 - Covina,1262,728500.0,648347.4146751189,472.91487532244196,36.21870047543582,2.9101574743166325
C15 - Pacific Palisades,1250,1392500.0,2066049.8024,8.614329087300915,50.8464,1.0173099644658379
TAR - Tarzana,1227,425000.0,792843.2803585982,413.89728096676737,42.43031784841076,1.766174724525467
NR - Northridge,1216,812500.0,777270.5,446.5344707402196,35.61266447368421,1.8230355476520592
TOE - Thousand Oaks East,1213,799000.0,754277.2629843364,474.04454263352295,38.480626545754326,0.9987216569627299
92026 - Escondido,1198,775000.0,778266.3823038398,454.59415584415586,33.91068447412354,0.9840022486981645
648 - Pasadena (SE),1192,685000.0,950331.4592701342,587.5440658049354,38.138422818791945,1.0054427904844583
92130 - Carmel Valley,1190,1141500.0,1413885.1941176471,779.5766627975734,27.93361344537815,3.47417619064286
69 - Santa Ana South of First,1177,600000.0,636447.1911639762,543.6842105263158,35.32285471537808,1.823605273078627
332 - Central Palm Springs,1175,615000.0,900595.6971659574,435.6092445631124,64.60170212765958,1.7204520116636426
82 - Buena Park,1175,820000.0,670993.0214808511,523.4505862646566,26.73191489361702,1.9703250020461278
VN - Van Nuys,1169,485000.0,526785.1616766467,393.4300993124522,45.878528656971774,1.8420320244269395
GH - Granada Hills,1168,880000.0,731327.5115582192,488.348746825676,31.86472602739726,0.9952764447940504
276 - Highland,1160,526450.0,461977.42788793106,293.7551355792933,41.880172413793105,1.9136692214679452
331 - North End Palm Springs,1149,425000.0,502582.71605744126,330.89983022071306,70.82419495213229,0.9560696743931322
LV - Laguna Village,1149,10000.0,1183861.7481810271,6.428571428571429,68.78590078328982,0.9499633042690026
77 - Anaheim Hills,1149,941000.0,924108.9025152307,544.6876065535589,29.915652173913042,1.0028626130491947
"75 - Orange, Orange Park Acres E of 55",1124,1004100.0,995315.5747330961,587.332787030475,31.03202846975089,0.9924966769160597
16 - Fountain Valley / Northeast HB,1121,1015000.0,914058.2899197146,631.3465783664459,27.14808206958073,2.1156073786161684
323 - South Palm Desert,1113,560000.0,932572.0823899371,368.2170542635659,61.306379155435756,1.7686644903691995
646 - Pasadena (NE),1105,1010000.0,915901.8877828055,677.8206097051162,31.410859728506786,1.8618369063117761
CS - Corona Del Mar - Spyglass,1100,16500.0,2147469.5007545454,7.0624357341272885,51.29272727272727,1.8456861232170756
CLB - Calabasas,1094,543500.0,1118693.9232175504,422.65806885066746,44.020109689213896,1.2257449288075677
1A - Seal Beach,1089,362500.0,616879.214876033,408.3333333333333,38.22681359044996,1.857781387624648
SVC - Central Simi,1081,780000.0,679618.3848288622,458.97088002551754,40.382053654024055,1.9158538849004199
92021 - El Cajon,1065,700000.0,657589.1568075117,452.68199233716473,30.861032863849765,1.8490017635691791
RES - Reseda,1063,630000.0,534680.1147695202,434.75443308548336,33.551269990592665,0.9788379754684556
PORA - Porter Ranch,1062,930000.0,867326.2495291902,464.63641338160664,38.50659133709981,1.0681798628325254
92117 - Clairemont Mesa,1057,1050000.0,1805629.2421948912,736.6885485047411,22.373699148533586,1.925398733052716
92054 - Oceanside,1045,990000.0,1079717.1320574163,667.7265500794913,41.88133971291866,0.9646353220206588
SYL - Sylmar,1044,695000.0,612992.127394636,445.7931954907987,37.52873563218391,0.996609891352161
NW - Northwood,1037,5800.0,619424.7174541948,3.269447576099211,29.649951783992286,0.9975235155301283
70 - Santa Ana North of First,1031,655000.0,655105.611057226,518.018018018018,39.91464597478176,0.9802439296690927
92127 - Rancho Bernardo,1029,1350000.0,2465702.495626822,654.0859272161443,30.044703595724005,3.8382099505327596
91913 - Chula Vista,1027,765000.0,1798349.1100292113,445.5250802427531,27.315481986368063,2.9456154692892924
336 - Cathedral City South,1027,175000.0,293099.8714703019,192.74537695590328,76.51217137293087,1.789417182267205
92109 - Pacific Beach,1026,1250500.0,1444480.206988304,933.2925336597307,38.09844054580897,2.6853575538631604
91977 - Spring Valley,1022,730000.0,678823.6614481409,484.9329608938547,28.459882583170256,0.9997699879976624
87 - La Habra,1019,730000.0,676997.5076251227,518.0941317139171,35.8459273797841,1.0030472627713158
92115 - San Diego,1019,746050.0,769512.2227674191,587.7846542089767,31.977428851815507,0.9772552793328096
C09 - Beverlywood Vicinity,1018,7225.0,784148.4695481336,4.389815627743634,45.218074656188605,0.9727649013027684
VC32 - Oxnard - Port Hueneme Beaches,1011,532000.0,711525.2818991098,433.3333333333333,56.63699307616221,1.796270950006456
MC - Mission Viejo Central,1010,949950.0,871068.3891089109,598.6725369524656,26.15841584158416,1.0170570643097996
92103 - Mission Hills,1009,942500.0,1139450.6957383547,723.9737274220033,35.89494549058474,1.9492046208051446
NBPK - Newbury Park,1008,806000.0,726547.1329365079,456.74368619022033,41.29761904761905,1.9856884822576029
92126 - Mira Mesa,1005,900000.0,909464.5930845771,655.9766763848396,25.913432835820895,3.9935749806116982
628 - Glendale-South of 134 Fwy,1000,4775.0,567613.539,3.851926926926927,39.686,1.0725641432127249
604 - Altadena,995,750000.0,898322.8203115579,712.0280948200176,36.99899497487437,0.9946882944785611
659 - Sunland/Tujunga,989,700000.0,584673.540950455,508.4391572192359,37.93933265925177,1.9992506937419006
C33 - Malibu,988,34500.0,1568184.943319838,7.142857142857143,85.45141700404858,0.9075508555385574
WB - Woodbridge,981,5100.0,541357.50254842,3.4246575342465753,26.57084607543323,2.033336796579659
C29 - Westchester,972,1225000.0,1120924.7860082304,704.5569620253165,38.30144032921811,11.268683938007728
86 - Brea,967,810888.0,734715.230196484,509.09090909090907,30.21302998965874,1.4551593308089679
84 - Placentia,957,900000.0,794439.3806060606,551.0534846029174,27.244514106583072,1.0229986606483574
CHT - Chatsworth,955,709000.0,786981.8431937173,417.6247966919818,44.917277486911,1.0264987009197628
C37 - Metropolitan South,953,600000.0,585581.6169989507,433.82371547503067,52.38090241343127,1.010710568761167
92154 - Otay Mesa,947,694000.0,1928450.0696937698,437.902028698664,28.37909186906019,5.223583687197148
VC45 - Mission Oaks,943,650000.0,614738.3876882291,466.6666666666667,33.94803817603393,1.0031052684441095
335 - Cathedral City North,938,475000.0,404441.20149253734,281.4757633824835,58.77825159914712,2.03048793425459
626 - Glendale-Northwest,936,6500.0,627592.082051282,4.1459369817578775,30.983974358974358,1.0152628477362013
635 - La Crescenta/Glendale Montrose & Annex,935,949000.0,832101.7582887701,643.6109964112147,30.70909090909091,1.0123812900927571
631 - Hacienda Heights,932,789000.0,740795.6466738197,478.848903032536,32.61480686695279,1.0386067379186512
287A - Arrowhead Woods,924,615000.0,762853.5378787878,364.1304347826087,90.66125541125541,102.8230633171682
309 - Indio North of East Valley,924,549995.0,561544.9952380953,269.91324921135646,65.8430735930736,2.1016928501841488
PHEL - Phelan,924,330000.0,288318.0725108225,241.09263657957246,84.57792207792208,0.9326722299429182
683 - Claremont,921,858000.0,808809.1476872964,472.2483537158984,36.11074918566775,0.9870092481659987
632 - Highland Park,920,906750.0,821623.4206521739,668.824163969795,35.61086956521739,1.0119832670714382
LN - Lake Forest North,919,554995.0,666258.951577802,555.1443375277572,31.415669205658325,1.006794821531685
289 - Big Bear Area,916,550000.0,639630.5982532752,402.6178010471204,88.19323144104804,0.9231562188371631
71 - Tustin,914,703000.0,768022.88512035,576.9230769230769,31.41356673960613,12.690460995906701
92064 - Poway,910,1100018.5,1288552.368131868,622.1372104663903,29.675824175824175,0.9856124397625611
M3 - La Mirada,907,820000.0,675292.7353914002,548.1377371749825,27.117971334068358,1.2543326503047345
ADL - Adelanto,904,353500.0,303932.99004424777,242.4596576734345,75.45796460176992,0.9509288255307811
TOW - Thousand Oaks West,903,850000.0,737833.1683277963,474.80241107589126,37.05204872646733,0.9818018876691315
M1 - Norwalk,900,729750.0,653570.3022222222,579.3539325842696,28.635555555555555,1.0206007779604067
"72 - Orange & Garden Grove, E of Harbor, N of 22 F",896,886944.0,782375.8759821429,558.2897569978468,34.510044642857146,1.2613847574658827
BSTW - Barstow,892,237500.0,212534.41257847534,200.36919831223628,72.84865470852019,0.936611685368267
NV - East Bluff - Harbor View,891,1350000.0,1974419.965207632,878.3783783783783,39.891133557800224,0.9607904218507036
641 - Monterey Park,891,770000.0,726985.3238832772,537.684925728404,37.35016835016835,1.0065639304161444
92065 - Ramona,890,785000.0,2802330.1921348316,394.87179487179486,37.59101123595506,4.261647171834482
PS - Portola Springs,889,6500.0,825337.214848144,2.8680688336520075,33.51518560179977,0.9954931281077873
LNLAK - Lake Area,883,468888.0,656479.2253680634,512.8205128205128,28.065685164212912,0.9851976121865377
639 - Monrovia,876,785000.0,714958.6610730594,532.6717931711091,33.46803652968037,1.0365765834952587
WIN - Winnetka,876,661000.0,523602.6404109589,426.649163111257,34.75570776255708,1.2085308066056295
VC33 - Oxnard - Southwest / Port Huenem,866,569000.0,463698.86836027715,434.33227201266527,36.275981524249424,0.9891882243887772
92027 - Escondido,864,745000.0,700624.5231481482,456.3085511400094,30.568287037037038,0.981656632111602
607 - Azusa,859,636000.0,584337.4965075669,451.9572953736655,35.19906868451688,1.1421903224823402
AA - Airport Area,856,5300.0,441308.6191588785,3.5185185185185186,41.50233644859813,1.2052103975383974
91910 - Chula Vista,855,730000.0,849949.4385964912,469.8318496538081,26.64795321637427,3.43391951405157
637 - Los Feliz,852,837500.0,1300432.542253521,552.8846153846154,42.80868544600939,1.009669897253752
S2 - Laguna Hills,851,670000.0,891704.3325499413,550.4053694843169,28.804935370152762,11.57518162165171
633 - Industry/La Puente/Valinda,840,717500.0,638510.6389166666,540.3846153846154,33.851190476190474,13.849001973829296
92019 - El Cajon,835,755000.0,794974.0251497006,497.1988795518207,27.752095808383235,2.172135217453265
619 - El Monte,835,683061.0,638615.4564431137,460.3558807893173,41.76047904191617,1.0312844962823633
C36 - Metropolitan Southwest,834,670000.0,604017.2410071943,452.7712724434036,50.194244604316545,2.142552557229788
92129 - Rancho Penasquitos,830,1244500.0,1103856.7891566264,668.6942416869424,22.918072289156626,2.2368964312599378
92104 - North Park,824,827750.0,919078.1480582524,761.0062893081761,29.844660194174757,0.9775329841430664
654 - San Gabriel,822,923000.0,827340.4829683698,581.570996978852,36.52433090024331,2.5755411514261706
307 - Sun City,821,499000.0,467316.4957369062,287.46770025839794,58.02070645554202,4.276619548819749
7 - North Long Beach,821,680000.0,583911.665042631,522.9015317286652,38.94762484774665,1.1361318700035785
BBC - Big Bear City,815,380000.0,417501.53865030676,346.0912052117264,87.2441717791411,2.1280549712836074
LD - Ladera Ranch,813,858000.0,972098.8885608856,553.689406026188,28.186961869618695,1.1177308039654141
91911 - Chula Vista,810,710000.0,658880.0975308642,487.16730038022814,30.367901234567903,3.4269018121753168
92084 - Vista,807,860000.0,867098.8921933086,476.4065335753176,45.32218091697646,1.0906385955153357
286 - Crestline Area,805,316000.0,288062.39004968945,260.6154580152672,77.49316770186336,3.4419015077901416
ATSC - Atascadero,796,729500.0,745055.7793718593,442.21866096866097,53.141959798994975,0.9668674521595622
101 - North Inglewood,793,460000.0,530711.3039092056,407.5398850386574,51.7843631778058,1.1233062976170651
668 - Walnut,792,877500.0,769866.4253156566,504.52488687782807,33.63383838383838,3.5416054326356003
92040 - Lakeside,789,750000.0,680080.319391635,475.9071980963712,28.99493029150824,0.9787921857776205
LNSLT - Salt Creek,778,712500.0,1047719.910025707,633.465782487081,35.08226221079691,0.9835981307070676
SC - San Clemente Central,776,4100.0,639442.7461340206,4.0,42.54639175257732,0.9756409671776779
92008 - Carlsbad,772,1525000.0,2238556.0142487045,741.4730598121602,36.023316062176164,4.477954030449214
689 - San Dimas,771,695000.0,658696.9747081712,471.9778578876605,34.942931258106356,1.0107007087078854
"1 - Belmont Shore/Park,Naples,Marina Pac,Bay Hrbr",768,951056.5,1103691.9948567708,634.4492440604752,45.330729166666664,2.2925744839755966
SVE - East Simi,767,725000.0,641464.8279009126,446.3448800597457,44.329856584093875,2.291284673622232
647 - Pasadena (SW),764,859500.0,1118786.7513089005,640.5124099279424,31.523560209424083,2.122386825274529
92111 - Linda Vista,762,890000.0,1360092.7637795275,636.9426751592357,25.34776902887139,2.293841123359362
92122 - University City,755,727500.0,1901354.5456953642,696.5110312981016,30.985430463576158,3.5621298950395794
314 - Indio South of East Valley,744,555000.0,624242.1760752688,303.951367781155,69.59677419354838,0.9631893608689147
273 - Colton,738,446740.0,414970.740596206,327.39760648476863,41.830623306233065,13.504006379503886
684 - La Verne,735,735251.0,664341.160217687,473.4003739480876,33.59319727891157,0.9753983045918824
92116 - Normal Heights,734,877500.0,1000545.6553133515,765.0501672240803,25.760217983651227,0.9790881641117183
C5 - East Costa Mesa,733,931000.0,1070869.3656207367,6.000667556742323,27.62892223738063,0.9830665069033331
91942 - La Mesa,729,775000.0,1787744.5212620026,557.1161048689139,25.255144032921812,2.4708747225160774
92069 - San Marcos,725,805000.0,848895.8344827587,497.8237214363439,33.57931034482758,0.9795945176474306
VVL - Valley Village,717,560000.0,867566.3184518829,428.0500732351911,39.11576011157601,2.3052669176410525
92114 - Encanto,715,750000.0,698458.3286713287,528.3018867924528,27.446153846153845,0.9990510908889739
92108 - Mission Valley,709,530000.0,600861.562764457,591.6262135922331,34.346967559943586,2.4879612381706977
92020 - El Cajon,705,799900.0,851403.6936170213,500.7530120481928,29.288951841359772,3.740331724605221
92120 - Del Cerro,701,990000.0,983030.8587731812,616.6268564519709,23.62339514978602,1.2961585974631527
92025 - Escondido,695,775000.0,800469.671942446,475.82781456953643,31.92661870503597,0.9784482697750231
SVW - West Simi,689,750000.0,691853.992743106,461.2161581435324,42.619738751814225,0.9950177392455981
LS - Lake Forest South,687,1010000.0,818315.2634643377,564.7518280357535,31.197962154294032,876.8907205778855
CAN1 - Canyon Country 1,677,575000.0,544328.3131462333,416.4913238022482,45.89364844903988,0.9930706896740676
"2 - Belmont Heights, Alamitos Heights",672,644750.0,839087.0185119049,575.1570416709751,39.651785714285715,0.9756081434429877
MS - Mission Viejo South,672,788900.0,766579.5639880953,556.3832604952986,25.645833333333332,1.0087383675374522
674 - Montebello,669,752000.0,695526.4020926757,467.58767268862914,33.74439461883408,1.008984233018739
"6 - Bixby, Bixby Knolls, Los Cerritos",667,905000.0,1129156.1443928035,579.7773654916512,31.203898050974512,1.154714265787129
652 - Rowland Heights,666,800000.0,695801.9039039039,479.5948351819046,35.92342342342342,0.991850047699694
92105 - East San Diego,665,655000.0,661551.5503759398,538.1633679206473,30.26015037593985,0.9784551855086109
91941 - La Mesa,663,985000.0,1894968.874811463,536.0956915064655,25.019607843137255,2.406586370928469
92118 - Coronado,663,2250000.0,2592600.9170437404,1304.2397660818715,63.18552036199095,1.1655684018775145
92081 - Vista,658,856000.0,808756.591793313,514.2829822588326,26.822188449848024,2.384493350817932
91915 - Chula Vista,656,752000.0,726331.806402439,440.709827806602,28.17530487804878,2.3136850019094624
325 - Indian Wells,649,1279000.0,1739009.6909861325,478.6686730060379,61.82280431432974,0.9419506412547017
PRIC - PR Inside City Limit,645,705000.0,707150.7983875968,415.18220256077063,50.13953488372093,0.9639932306567311
CP - Canoga Park,642,400000.0,510640.53090342676,394.9004975124378,44.07165109034268,2.3150721776885983
VC11 - Ojai,638,935000.0,1169593.0555485894,626.1366452322852,59.93103448275862,0.9424565295633783
92011 - Carlsbad,638,1245000.0,1219783.3260188089,693.2654216185625,30.713166144200628,1.477159607996229
645 - Pasadena (NW),635,950000.0,1241394.968503937,657.2301967038809,38.24724409448819,2.4361068230402703
OH - Orchard Hills,632,9000.0,1328982.0079113925,3.086980308798931,34.65506329113924,0.9972098859575828
C30 - Hollywood Hills East,631,160000.0,881208.5087163233,337.2373300370828,56.3486529318542,0.9503272798126094
MB - Monarch Beach,631,13800.0,1803886.2171156893,5.726595965434953,71.97622820919176,0.962321038655823
NOH - North Hills,630,736200.0,621782.3619047619,445.4761798386579,35.02857142857143,1.0132384951063733
VAL1 - Valencia 1,628,651500.0,2181893.103503185,492.3272263181152,32.64808917197452,2.6099212030551966
126 - Central Torrance,623,4900.0,476068.8667736758,3.9393939393939394,28.49598715890851,0.9902483262765344
92131 - Scripps Miramar,622,1238000.0,1239342.11414791,654.9091427860938,24.758842443729904,0.9836392027648839
C04 - Bel Air - Holmby Hills,619,875000.0,3437112.8012924073,254.22906506666237,62.25848142164782,0.931673027287642
267 - Loma Linda,616,425000.0,373239.0957792208,256.6577598828697,36.77922077922078,0.9951740407680008
80 - Cypress North of Katella,610,827000.0,752515.7122950819,548.3397923941602,27.278688524590162,1.004952319953269
92119 - San Carlos,610,929997.5,916935.8672131147,583.3861762840837,22.591803278688523,0.9896855399000861
ROSA - Rosamond,606,381000.0,312810.2641089109,240.3846153846154,82.28217821782178,0.9459347915482015
C31 - Playa Del Rey,591,467500.0,697737.0524534687,525.6021931953458,47.68358714043993,0.963584888700071
651 - Rosemead/S. San Gabriel,587,796000.0,719064.4395229983,526.2068965517242,40.240204429301535,1.0157726958284292
92014 - Del Mar,583,1225000.0,1971915.8113207547,789.4881893203194,46.48885077186964,6.214870144620785
R2 - Rancho Santa Margarita Central,580,637000.0,598576.2793103448,577.9152637262628,26.486206896551725,0.9864048412967263
608 - Baldwin Pk/Irwindale,578,650000.0,610930.7821799308,492.6018044648372,31.866782006920417,8.801262052191692
142 - Manhattan Bch Sand,576,20000.0,1900156.767361111,7.6,55.47743055555556,1.050140431313738
VC31 - Oxnard - Northwest,575,710000.0,654980.7513043479,415.6232782369146,39.72869565217391,1.027293238224047
634 - La Canada Flintridge,575,1800000.0,1813927.1130434782,847.6310805321831,32.92,2.6068960519462996
89 - Tustin Ranch,575,8000.0,2136412.1026086956,4.2727272727272725,25.11130434782609,1681.6787119684288
92082 - Valley Center,574,857250.0,831329.043554007,374.63976945244957,55.36062717770035,2.6805362665116985
LUV - Lucerne Valley,571,41000.0,124779.4938704028,189.7810218978102,98.33800350262698,0.9112042313252426
BOYH - Boyle Heights,570,627500.0,572475.4391578947,352.8225806451613,55.290718038528894,2.593748399162086
CAC - California City,563,20000.0,148373.78507992896,171.7233009708738,84.7797513321492,0.9627006697206139
R1 - Rancho Santa Margarita North,563,643000.0,600691.5595026643,605.46875,29.55595026642984,8.830438292493945
"3 - Eastside, Circle Area",562,525000.0,616536.4733096085,511.5117175551729,41.85231316725979,0.9802080678139179
92107 - Ocean Beach,562,1268000.0,1344873.987544484,806.5886699507389,34.137010676156585,0.9654328133657458
661 - Temple City,561,930000.0,834249.2709447416,599.7876857749469,29.89126559714795,1.0400623990529847
VC41 - Camarillo Central,557,765000.0,617901.7753321364,456.5217391304348,32.52962298025135,0.9805957129801299
DO - Del Obispo,552,542450.0,866120.7952898551,406.6478076379066,46.835144927536234,0.9848253737637392
92110 - Old Town Sd,550,701000.0,911638.9236363636,651.0791366906475,29.987272727272728,3.889066788994172
621 - El Sereno,549,761999.0,666761.8451730419,602.8899410398428,40.790528233151186,2.661733636993493
C02 - Beverly Hills Post Office,546,1242500.0,2561815.230769231,578.9621849818889,63.77838827838828,0.9254160284258627
NTS - North Tustin,544,1579000.0,1585578.6373713235,671.3709974100889,34.07720588235294,0.9787142770307748
92102 - San Diego,543,692000.0,743539.8784530386,589.7177419354839,34.73848987108656,2.7059736057475865
618 - Eagle Rock,538,1099500.0,948931.0687732341,707.1008979934414,30.70817843866171,1.0348363911824734
LKBL - Lake Balboa,537,700000.0,568117.6648044693,463.9402433529505,38.32960893854749,0.9858348348277066
658 - So. Pasadena,531,1236450.0,1254527.9173822976,742.7472911569381,31.04708097928437,1.0613911046487448
NPMO - Nipomo,512,897250.0,1027895.8305664062,492.4578527062999,46.923828125,0.9895146806823373
NL - North Laguna,512,6825.0,1075762.2721289063,5.882352941176471,69.271484375,1.0005246080700725
BOUQ - Bouquet Canyon,509,780000.0,2323815.2298624753,466.45367412140575,31.328094302554028,2.8986489856747673
N6 - Newport Heights,509,13995.0,1163154.9548133595,4.67436974789916,42.73673870333988,3.8391113675112623
287 - Arrowhead Area,506,360136.0,363478.3320158103,303.2811559301625,91.1205533596838,1.2518686429479695
N8 - West Newport - Lido,506,29750.0,2185612.434782609,7.8763127187864646,57.66403162055336,2.246826017865609
PAC - Pacoima,505,675000.0,601880.9806336635,475.7533510263043,32.86930693069307,1.0065145510884643
92106 - Point Loma,502,1587500.0,1638451.9262948206,866.7283664969922,39.462151394422314,2.2605826315554394
HNDL - Helendale,500,316000.0,245761.936,194.64720194647202,73.52,0.9560492279260063
148 - Hermosa Bch Sand,500,15950.0,1527922.4575999998,7.395644283121597,50.682,0.9837572165986482
CC - Coto De Caza,499,1610000.0,1783785.6955911824,585.481097353007,40.13226452905812,0.9635228863335189
624 - Glendale-Chevy Chase/E. Glenoaks,498,654000.0,819610.951807229,543.8461538461538,38.79317269076305,0.9740137042654075
VC28 - Wells Rd. East to City Limit,494,807500.0,690898.7388663967,453.95719263315084,31.912955465587043,1.0149733771269518
WD - Woodbury,494,5200.0,562011.548582996,2.8928850664581702,27.765182186234817,1.0011749142837618
SPL - Santa Paula,490,706995.0,672670.3,385.73604060913704,50.32448979591837,0.9722636462987221
SUNV - Sun Valley,490,760000.0,720010.5836734694,541.2719891745602,37.57959183673469,2.9300092580715433
WP - Westpark,489,4800.0,436642.23108384456,3.185185185185185,25.15950920245399,1.005826243690146
92067 - Rancho Santa Fe,488,3865000.0,4102931.899590164,822.3610801160455,62.48360655737705,0.9324124855263952
LT - Lantern Village,488,5000.0,724306.094262295,3.7333333333333334,47.55122950819672,0.9847068694801785
250 - Norco,487,869900.0,838453.4435318275,449.5446729301147,37.32032854209446,0.9984491177585476
C39 - Playa Vista,485,805000.0,860443.3154639176,702.2471910112359,36.47216494845361,2.906564296968328
649 - Pico Rivera,484,720000.0,666270.2024793389,542.6020771654291,29.30785123966942,1.0144745085984819
92029 - Escondido,478,1180000.0,1173455.3242677825,494.3840789310949,33.16317991631799,0.9645219337772623
91932 - Imperial Beach,476,775000.0,704411.9789915966,553.4638554216867,47.2563025210084,0.9562278593859665
92075 - Solana Beach,474,1300000.0,1464406.1265822784,904.7840932301267,46.53586497890296,7.013309949071314
627 - Rossmoyne & Verdu Woodlands,473,1132293.0,1096965.2270613108,619.4347657762291,32.145877378435515,0.9902970930669001
92123 - San Diego,473,933000.0,832789.0993657506,626.1189585129741,23.847780126849894,0.9878612274792594
N26 - Newport Coast,471,20000.0,2721881.7430997877,5.041549675260217,53.39915074309979,0.9635369207511589
VG - Valley Glen,470,639350.0,688937.1127659575,424.8046875,36.17446808510638,0.9801380161542053
NP - Balboa Peninsula,463,15000.0,2424713.282937365,6.776379477250726,60.50107991360691,0.966151266972331
C2 - Southwest Costa Mesa,462,887500.0,798194.5906926406,610.3108415466262,33.17099567099567,0.9820212271598141
157 - S Redondo Bch W of PCH,456,8500.0,965308.5029824561,5.863539445628998,45.52412280701754,0.9698615603425765
124 - Harbor City,454,591500.0,558598.8612334802,430.0734462262287,36.62334801762115,0.9797329995873915
SL - South Laguna,450,12000.0,1614221.211111111,7.0821529745042495,77.08666666666667,0.9585615199884638
288 - Running Springs,447,335000.0,331710.34004474274,291.8149466192171,71.29082774049218,0.9244539189221753
685 - Montclair,446,585000.0,455341.3923766816,403.56359649122805,35.84080717488789,0.9897869357798917
PC - Panorama City,441,608000.0,570723.2675736961,432.0145520691223,37.55102040816327,1.013320941151995
91945 - Lemon Grove,440,750000.0,725643.2545454545,518.0979418026969,28.625,1.0098516194314338
CV - Cypress Village,440,5000.0,450448.94545454544,2.8215223097112863,25.927272727272726,1.0103000666131714
152 - N Redondo Bch/Villas South,439,1145000.0,936235.8838268793,622.367984020545,37.17995444191344,0.9803932284026756
LNSEA - Sea Country,435,578000.0,730381.4137931034,581.2220566318927,30.586206896551722,0.9778369432891743
121 - Lomita,434,708250.0,629459.0391705069,441.04410441044104,36.78341013824885,3.3253209557509438
"61 - N of Gar Grv, S Of Ball, E of Knott, W of Dal",432,623000.0,583598.4375,536.4179283734036,32.611111111111114,0.9923881131494698
CAN2 - Canyon Country 2,431,725000.0,648349.1136890951,408.99357601713064,36.91879350348028,1.003967094193318
SN - San Clemente North,428,872500.0,944650.6892523364,529.9818291944276,43.404205607476634,0.9659237161146168
92058 - Oceanside,426,547749.5,555463.1643192489,451.69232538451377,33.78169014084507,0.9746254091121205
92010 - Carlsbad,423,975000.0,999018.8628841607,602.8075970272502,28.67612293144208,0.9764356580221163
SMP - South Moorpark,422,916500.0,808622.124549763,421.33352448782966,39.64218009478673,1.0214875864183997
193 - San Pedro - North,418,705000.0,624569.6818181818,498.1226533166458,35.035885167464116,0.9861445832996608
92083 - Vista,413,700000.0,703649.7966101695,460.4973023692236,35.65133171912833,3.1243490609327638
183 - Vista Del Oro,410,667500.0,593478.087804878,413.65778836421293,46.490243902439026,0.9847077019684302
"63 - Garden Grove S of Chapman, W of Euclid",410,690000.0,673721.7219512195,552.2288755821689,24.492682926829268,1.0088036387377588
151 - N Redondo Bch/Villas North,408,1158500.0,1038944.7156862745,663.9883126369613,33.11274509803921,0.9847148259831937
"308 - La Quinta North of HWY 111, Indian Springs",408,550000.0,434345.2066176471,300.5874753937008,56.38235294117647,0.956137223847888
OR - Ortega/Orange County,406,1150000.0,1426337.0858374385,620.820028145349,33.17733990147783,1.5672894415414569
CB - Capistrano Beach,399,15000.0,1065328.8671679199,6.4,54.4937343358396,0.9593713469273014
LNSMT - Summit,396,789000.0,1069484.2626262626,645.7739791073125,43.07575757575758,0.9660502107098384
91901 - Alpine,395,920000.0,924671.4632911392,443.76181474480154,34.539240506329115,5.859243763612249
617 - Duarte,395,700000.0,600001.182278481,523.9381942053669,29.073417721518986,0.9956150481192564
655 - San Marino,394,2200000.0,2149350.7994923857,910.499806276637,36.71065989847716,0.9998418253879992
623 - Glassel Park,394,920000.0,783457.0694416245,646.2585034013606,41.29187817258883,1.0093282715992418
92139 - Paradise Hills,390,700000.0,639124.2666666667,494.7977554360533,24.143589743589743,3.663890842879639
OTO - Old Towne Orange,389,7500.0,505396.7763496144,4.4862179487179485,31.395886889460154,0.9777862014438757
320 - Thousand Palms,385,214000.0,248331.62597402598,156.25,83.23896103896104,0.9165270433993046
N7 - West Bay - Santa Ana Heights,385,1490000.0,2264991.701948052,814.1678090616247,42.249350649350646,0.9568899122550346
"312 - Bermuda Dunes, Myoma",383,495000.0,502093.53785900783,266.1901060964809,62.15404699738903,0.94908819600837
TL - Talega,382,1460000.0,1390615.744397906,600.2928257686676,30.884816753926703,0.9792392243059286
TUL - Toluca Lake,381,735000.0,1097669.153543307,503.3557046979866,42.59317585301837,0.9685906429440982
TR - Turtle Rock,380,15997.5,1208868.3513157894,4.638850475185682,27.026315789473685,0.9878107029091542
91950 - National City,380,685000.0,645491.5921052631,481.25633232016213,32.794736842105266,3.6023851289240563
STG - Stonegate,379,5600.0,488772.61087071244,2.8044139824759595,26.535620052770447,1.060707941937169
92113 - Logan Heights,379,684000.0,2259617.5461741425,508.323701497437,36.142480211081796,3.7742065390887154
92124 - Tierrasanta,379,935000.0,951476.6126121372,587.2913992297817,21.7467018469657,0.9887394518081642
FH - Foothill Ranch,379,550000.0,589024.9472295515,566.0377358490566,27.29023746701847,0.9862998913194171
CAMB - Cambria,376,778000.0,864050.2659574468,615.5388139924222,102.9813829787234,0.8980532573945502
RA - Cerritos North of 91 Frwy,375,705000.0,655868.6168000001,526.2554916038687,23.78933333333333,1.088835214856831
EC - El Camino Real,371,225000.0,648730.5067385444,151.04166666666666,30.88409703504043,1.023583921312335
OREA - SM/Orcutt East,369,675500.0,654455.2165582656,388.8374485596708,33.54471544715447,0.9813730280543816
PINH - Pinon Hills,363,345000.0,279408.6584022039,240.847373113082,73.0358126721763,0.9314431989277293
222 - Idyllwild,356,474500.0,493099.19943820225,361.4650974025974,98.48595505617978,0.9179521312580429
NMP - North Moorpark,355,764500.0,925169.9602816901,435.2709912945802,52.10985915492958,0.9932580871746647
"34 - Los Altos, X-100",352,1025000.0,957351.125,663.527397260274,22.071022727272727,1.028234695447414
MRBY - Morro Bay,351,810000.0,858604.1190598292,612.5,61.99145299145299,0.9259219040709468
VTU - Ventura,351,706000.0,689751.4586894587,516.8254624825897,46.002849002849004,0.9717112683147331
ESEN - Esencia,350,1135000.0,1027525.1771428571,593.3217768147346,34.597142857142856,0.9812495001859626
C4 - Central Costa Mesa,350,797425.0,760398.8457142857,602.6570048309179,33.03142857142857,0.981178218085278
SW - San Clemente Southwest,349,10000.0,1371230.664756447,5.067140600315955,55.77363896848138,0.9603944357563612
THP - Tehachapi,348,385500.0,363643.8189655172,245.4780361757106,79.89655172413794,0.9515036669062511
OSOS - Los Osos,348,820000.0,832660.316091954,580.3571428571429,59.6580459770115,0.9868994730831352
23 - Lakewood Park,347,876000.0,874960.5648414985,652.3704260328116,19.538904899135446,1.0588444636924934
C1 - Mesa Verde,342,1592500.0,1457038.1403508773,785.6356615952052,24.666666666666668,1.0365922090971704
606 - Atwater,342,880000.0,839804.8011695907,638.8849929873772,37.5,0.9954574033874989
656 - Sierra Madre,340,1062500.0,1030742.4529411765,641.9949537677539,36.805882352941175,1.3093672996337187
"RN - Compton N of Rosecrans, E of Central",338,621000.0,600008.6449704142,507.114127702363,40.937869822485204,1.0092567762311524
680 - Mount Washington,338,1042500.0,935996.6420118343,773.0812013348165,40.937869822485204,1.004916543579557
EASTW - Eastwood,338,6000.0,692736.1065088757,2.7624309392265194,27.337278106508876,0.9836604524014337
VC34 - Oxnard - Southeast,337,565000.0,540136.5489614244,412.78439869989165,39.23442136498517,1.0142692708077994
132 - N Torrance - West,336,905000.0,776635.5288095238,624.589356110381,27.074404761904763,3.4431570364549033
RIEN - Rienda,336,709995.0,567505.6398809524,547.8579286354765,39.79761904761905,1.0025176275119454
374 - Blythe,335,200000.0,210162.46567164178,152.31227106227107,83.53731343283582,0.9575472442336138
PRNW - PR North 46-West 101,334,499000.0,706048.9161676647,366.8941381548612,82.44011976047904,0.9218338190474368
141 - El Segundo,334,1291000.0,1232068.9366766468,726.2569832402235,41.374251497005986,1.037221019987786
LCHVL - Hidden Valley Lake,334,310000.0,258869.64371257485,202.22007722007723,103.88323353293413,0.8950224684990956
155 - S Redondo Bch N of Torrance Bl,334,8375.0,1097024.6111976048,4.332231630658552,40.455089820359284,1.1051215600931008
GRVC - Grover Beach,331,735000.0,719354.3927492447,541.0420113041081,40.62235649546828,24.591535684078845
92004 - Borrego Springs,331,170000.0,241368.47129909365,212.38030804962386,71.04229607250755,0.913964050835199
DH - Dana Hills,329,675000.0,756169.367781155,499.3678887484197,40.11550151975684,0.9972080758411638
136 - Central Carson,327,715000.0,635504.9357798165,487.7241680345758,28.07645259938838,28.39167721239714
134 - Old Torrance,325,668000.0,605809.2584615385,507.1472088757027,33.963076923076926,0.9835441934800843
128 - Hollywood Riviera,323,1500000.0,1380670.8034055727,836.9617840955913,33.529411764705884,0.9819360450837439
91902 - Bonita,323,1055000.0,4296532.79876161,505.45319120012687,29.188854489164086,6.954122175086119
123 - County Strip,322,522000.0,515027.92236024846,515.1875715922108,33.9472049689441,0.9826479037964141
102 - South Inglewood,321,740000.0,633272.1433021807,444.0238957902002,61.626168224299064,0.9589297540716629
NK - Northpark,320,5625.0,617485.56875,2.661558677181569,26.16875,1.0173418775231886
131 - West Torrance,315,1170000.0,922112.1730158731,634.521790978032,29.41269841269841,1.5788234320225434
OKH - Oak Hills,314,550000.0,494817.7675159236,249.6363069942806,72.06369426751593,1.1799885057080368
"33 - Lakewood Plaza, Rancho",312,1060000.0,1016834.6217948718,730.4976290786017,21.810897435897434,1.0560178016850843
BK - Baker Ranch,312,7100.0,833545.9807692308,2.8178694158075603,31.25,1.0180730274531733
NEW4 - Newhall 4,310,494000.0,472933.31129032257,428.8355596229358,44.851612903225806,1.055375308480324
SWR - Simi Wood Ranch,310,795000.0,788463.5387096774,436.07185677823554,42.52258064516129,0.9795345970210138
92007 - Cardiff By The Sea,308,1833250.0,1810200.9707792208,956.0515877694822,38.048701298701296,0.9630560045817786
174 - Crest,308,535000.0,758320.6128246753,418.4368361864301,34.66883116883117,0.9856098849307289
C3 - South Coast Metro,306,1033000.0,899354.7415686275,611.6310160427807,28.895424836601308,1.171848755889289
N9 - Lower Newport Bay - Balboa Island,306,25000.0,2804476.052287582,8.12007874015748,73.33333333333333,0.955721384451594
FPTV - FivePoint Valencia,306,654995.0,566059.1535947713,334.0988272032213,50.80718954248366,0.9673294958475488
VC81 - Santa Barbara,305,1975000.0,2792915.4968852457,1055.442522889115,63.05245901639344,1.0252093251490946
ELA - East Los Angeles,305,645000.0,578118.4590163934,446.90603514132926,52.99672131147541,1.0049055815368457
51 - Rossmoor,303,1450000.0,1242782.194719472,720.0460829493088,31.260726072607262,1.0350542458933696
107 - Holly Glen/Del Aire,301,929000.0,733985.5813953489,656.7028985507246,29.029900332225914,0.9898287787896004
"64 - Garden Grove E of Euclid, W of Harbor",301,850000.0,736333.5780730897,564.0106033430068,29.096345514950166,0.998100848341877
UP - University Park,299,6300.0,695764.1841137124,3.676470588235294,27.959866220735787,0.9844736270765962
143 - Manhattan Bch Tree,298,2450000.0,2375959.66442953,1161.1040623448025,33.90939597315436,0.979369652182037
91914 - Chula Vista,296,1082500.0,1073624.375,463.35554209569955,27.783783783783782,4.226936193269022
"65 - N of Blsa, S of GGrv, E of Bch, W of Brookhrs",295,765000.0,798914.4213559323,556.0344827586207,27.223728813559323,0.9863982058124185
156 - S Redondo Bch S of Torrance Bl,293,679000.0,1033310.0614334471,666.8488998946673,33.88054607508533,0.9852374652566684
FSNO - Fresno,291,385000.0,446698.9003436426,247.17514124293785,48.86254295532646,0.9902992892981309
PMCL - Pine Mountain Club,290,340000.0,311246.88572413794,234.41238038277513,80.98965517241379,0.9136828966195745
TOP - Topanga,289,385000.0,1599755.3010380622,460.9021953500992,73.56401384083046,1.3693355833146932
"D1 - Northeast Downey, N of Firestone, E of Downey",285,910000.0,962486.5298245614,530.593497957939,32.666666666666664,1.0793165455274376
SGLF - Sugarloaf,284,302500.0,294936.92253521126,334.7778981581798,72.42957746478874,0.9256714487341243
119 - Central Gardena,282,640000.0,634372.3226950355,389.4927536231884,38.861702127659576,4.442018478331473
STEV - Stevenson Ranch,279,850000.0,735872.5483870967,425.4007398273736,35.505376344086024,0.9744260388319355
VC42 - Camarillo Heights,279,905000.0,801463.4910394265,469.4299417374371,42.727598566308245,0.9707651793473695
266 - Grand Terrace,279,545000.0,439431.0035842294,324.0398596856397,37.82795698924731,1.041325820368025
ACTO - Acton,276,710000.0,621340.1666666666,357.1388888888889,89.1231884057971,0.9255298558685938
C32 - Malibu Beach,276,30500.0,3217338.1195652173,11.159471853257433,106.31159420289855,0.9260945924550765
SE - San Clemente Southeast,272,815000.0,961387.4522058824,575.4475703324808,38.55514705882353,0.975736819294359
315 - Coachella,270,460000.0,506473.65870370367,269.0927729369554,49.21111111111111,0.9679097751918248
"RP - Compton S of Rosecrans, E of Central,W of Ala",270,613000.0,581358.4777777778,466.17396247868106,42.88148148148148,1.065566487158132
24 - Lakewood Mutuals,269,850000.0,788883.5241635687,604.1222459132907,23.460966542750928,1.0370241366257942
8 - Signal Hill,268,630000.0,764794.9179104478,465.7758769699867,38.634328358208954,1.7134379312701957
TSRO - Tesoro de Valle,267,964990.0,990421.913857678,361.19195046439626,61.71535580524345,0.966407577366457
COPN - Copper Hill North,267,856000.0,820346.3782771536,408.76242095754293,33.9625468164794,1.0158730946937962
WRWD - Wrightwood,267,430000.0,406808.4194756554,307.3448368261678,69.68539325842697,0.9378807197320803
SF - San Fernando,264,650000.0,552720.7727272727,496.86323713927226,41.196969696969695,0.9959881886934696
PLUM - Plum Canyon,263,796000.0,686817.1673003802,381.2865497076023,40.18631178707224,6.521352541849932
TTON - Templeton,262,841000.0,1032371.5839694657,506.0661851484681,76.24809160305344,0.9681073748734966
VC55 - Fillmore,262,700000.0,718760.145038168,363.5748218527316,59.06488549618321,0.9665740963705439
"62 - Garden Grove N of Chapman, W of Euclid",262,950000.0,837670.7984732824,573.6677115987461,23.1793893129771,1.0141714635188304
59 - Westminster North of 405 & Westminster,260,935000.0,770697.9307692308,583.0789621656359,31.784615384615385,4.648730988813955
ARL - Arleta,259,760000.0,672710.1235521236,536.4940736119776,29.49034749034749,1.002622721054796
ARRG - Arroyo Grande,257,820000.0,980891.4445525291,535.9267678218268,51.69260700389105,14.643884316550212
92036 - Julian,257,432000.0,467476.4357976654,390.495867768595,65.80155642023347,4.6635645037212035
ORCT - Orcutt,256,709500.0,708491.71875,391.5290356952584,31.453125,0.9840716359244639
5 - Wrigley Area,254,824999.5,753535.4645669291,544.3026368037054,36.85826771653543,0.9805606109482363
137 - North Carson,252,807500.0,696568.9761904762,471.2121212121212,31.80952380952381,0.9900496958633291
11 - Westside,250,659000.0,626329.196,487.4919820397691,42.876,0.9690619503415316
LRK - Littlerock,249,370000.0,314724.0642570281,308.05555555555554,72.46184738955823,0.9728210445353698
QH - Quail Hill,248,4975.0,637748.6411290322,2.874331061401642,28.125,1.0248947914966737
C23 - Metropolitan,248,315000.0,437211.31048387097,3.55741146403797,51.274193548387096,0.9648596091494801
RM - Lynwood,245,675000.0,620635.2408163266,500.0,38.33469387755102,1.0602667544603146
122 - Harbor Gateway,244,542500.0,565240.0163934426,314.4622578490314,47.0,0.9768711245618077
LCLPN - Lakeport North,244,327500.0,319662.56803278683,223.81016962871394,81.9139344262295,0.9321609318468282
"RO - Compton S of Rosecrans, E of Alameda",243,645000.0,629107.6385596708,498.5747863247863,38.77366255144033,0.9849016528957641
265 - Bloomington,243,530000.0,531686.1687242799,376.00086529461277,43.74485596707819,0.9816898355305564
"D3 - Southwest Downey, S of Firestone, W of Downey",239,768000.0,712220.1757322176,518.6846038863976,26.786610878661087,1.0658761154898622
133 - N Torrance - East,237,915000.0,768094.3375527426,593.8759065269944,23.206751054852322,0.9918402822105915
"T3 - Bell Gardens, Bell E of 710, Commerce S of 26",237,660000.0,612923.9272995781,432.72727272727275,43.278481012658226,4.903174487694424
MHL - Mission Hills,237,752000.0,608262.9335864979,451.8236254763201,36.75949367088607,0.988431617802381
147 - Manhattan Bch Mira Costa,235,1900000.0,1893756.4893617022,880.4874164316493,32.65531914893617,0.9698463300512356
C08 - Cheviot Hills/Rancho Park,233,2110000.0,2056810.3433476395,905.7810818637903,35.54077253218884,0.9880414608406412
PSMO - Pismo Beach,232,905000.0,1086180.5114224139,636.2420211561225,61.616379310344826,5.048342453800187
RS - Rancho San Clemente,231,527500.0,733762.8095238095,629.8880709001994,32.45887445887446,0.9748259684057642
125 - Walteria,231,280000.0,784095.2380952381,194.44444444444446,36.510822510822514,5.350614974190964
677 - Lincoln Hts,230,592500.0,532368.2043478261,434.98168498168496,53.45652173913044,1.0108071664336806
129 - South Torrance,229,1288000.0,1157013.8122270743,772.3384030418251,30.004366812227076,1.0260422787387045
344 - Sky Valley,226,82000.0,151073.09734513273,100.25062656641605,98.98230088495575,5.2838655742516
110 - East Hawthorne,225,550000.0,486580.40444444446,4.833333333333333,43.80888888888889,0.9797694807387533
PSOR - Paso Robles,225,489900.0,530450.5895111111,425.37152737150905,79.28888888888889,0.9484996929967057
52 - Los Alamitos,224,925000.0,935854.7142857143,553.1290904917585,29.651785714285715,0.9868765011358219
PH - Portola Hills,223,672345.0,841809.5560538117,557.1561338289963,33.309417040358746,0.9789170349919982
160 - Lunada Bay/Margate,220,1800000.0,1697654.9,750.4785878845787,49.67727272727273,0.9650833060125085
"D2 - Northwest Downey, N of Firestone, W of Downey",220,877500.0,857236.35,478.73300602717313,33.39545454545455,4063.062208016865
91935 - Jamul,217,899000.0,926878.2119815669,420.7188160676533,49.11981566820276,0.949296291080014
284 - Mentone,217,340000.0,338541.26267281105,292.1195652173913,39.1705069124424,0.9824794139760609
"66 - N of Blsa, S of GGrv, E of Brookhrst, W of Ha",217,825000.0,752486.0737327189,542.658154381892,26.322580645161292,1.0326034561631923
341 - Mission Lakes,216,345000.0,282173.5462962963,200.85066162570888,74.64814814814815,0.9534601445363827
181 - Point Fermin,216,699000.0,642890.875,432.9177377892031,41.06481481481482,0.9674649976797601
NEW1 - Newhall 1,213,800000.0,758250.7887323943,449.19786096256684,37.63380281690141,0.9736795765966719
DC591 - Landers,213,95000.0,167180.9248826291,243.4593023255814,116.88262910798122,0.8335631461422072
316 - Thermal,210,153500.0,476092.9142857143,207.44356314826115,119.4952380952381,0.8732457784040447
LOMP - Lompoc,210,581000.0,746713.8571428572,370.3703703703704,53.01428571428571,0.9721533525347624
OC - Oak Creek,209,4500.0,340564.3923444976,3.122043519394513,21.827751196172247,0.9940477231101035
VC35 - Oxnard - Northeast,208,759620.0,662864.9951923077,425.654334892148,33.86057692307692,1.0392656314995719
FR - Forster Ranch,208,1507000.0,1357634.5528846155,630.7681405895692,27.58173076923077,0.983123532754042
DC724 - Chocolate Drop,207,247000.0,211870.9420289855,207.41206322601673,67.10628019323671,0.9718451467056548
81 - La Palma,205,1050000.0,838292.1219512195,548.1120584652863,20.946341463414633,0.9990864541138575
"RG - Bellflower North of 91 Frwy, S of Alondra",205,710000.0,650088.5219512195,483.0556595293932,35.05365853658537,0.9807855834580914
"D4 - Southeast Downey, S of Firestone, E of Downey",203,770000.0,785057.7339901478,537.3303167420814,30.12807881773399,1.046765063626353
RC - Artesia,202,722500.0,595748.9950495049,521.3540912382332,34.31683168316832,1.0244051574673834
WI - West Irvine,201,5000.0,558782.3265671642,2.74079874706343,27.796019900497512,1.029407333434277
VC36 - El Rio / Nyeland Acres,201,665000.0,554580.0547263682,383.2427066045402,32.63681592039801,0.9916284038215714
92003 - Bonsall,201,875000.0,1262115.592039801,441.5584415584416,62.33830845771144,0.9551095935373302
139 - South Carson,201,725000.0,646372.407960199,493.9819458375125,31.611940298507463,0.9982673418403466
M2 - Santa Fe Springs,200,743500.0,701134.195,516.0924215387845,33.22,0.9968401780640092
108 - North Hawthorne,199,620000.0,586819.8567839196,4.52054794520548,44.37688442211055,0.9692135207394506
154 - N Redondo Bch/Golden Hills,198,1358500.0,1032486.3838383838,813.7339055793991,29.40909090909091,0.9899351954346671
165 - PV Dr North,198,1635000.0,1423217.3282828282,717.3734046932894,35.333333333333336,0.9704928479519052
OCNO - Oceano,196,502500.0,603518.1734693878,488.6831275720165,58.933673469387756,10.928693930759904
WATT - Watts,196,580000.0,526220.9132653062,475.48235592790047,42.63775510204081,4.5088876605681705
AG-East of Hwy 101,195,1175000.0,1214831.7006153846,559.3040942326234,45.94871794871795,0.9730609602147134
LCCLW - Clearlake West,195,171000.0,192523.06666666668,183.15018315018315,111.31282051282051,0.8662686142028675
SMNE - SM Northeast,194,627000.0,589959.2505154639,365.1329226927861,36.855670103092784,0.9668394240837247
NBRG - Valencia Northbridge,194,850000.0,774450.587628866,451.06056509779717,37.4639175257732,0.9806741272388381
103 - Ladera Heights,192,1337375.0,1121674.984375,530.647064185766,50.822916666666664,0.9887425728274627
RK - Paramount South of Somerset,190,529000.0,526043.6842105263,460.2922077922078,35.35263157894737,0.9794150943966496
LEL - Lake Elizabeth,190,415000.0,378949.88999999996,318.99200336700335,57.46842105263158,0.9217707561318057
127 - South East Torrance - West,190,615000.0,721078.747368421,581.0205908683974,30.49473684210526,0.9852273329093018
DC521 - Central West,189,279000.0,259860.7097883598,230.15873015873015,82.51851851851852,0.9193922899430423
"RB - Cerritos South of 91 Frwy, E of Norwalk",188,1022500.0,803351.414893617,576.7012687427913,17.43617021276596,532.918410146816
TC - Trabuco Canyon,188,906500.0,895421.4042553192,600.4036326942482,40.441489361702125,0.9673046312852015
T4 - South Gate E of 710,188,670000.0,628606.1329787234,481.97923029932804,38.54255319148936,1.0452983567535372
177 - Eastview/RPV,187,1125000.0,906724.6844919786,653.2258064516129,38.75935828877005,0.981063872475045
WN - Walnut (Irvine),186,700000.0,775452.5645161291,593.7597364587799,24.93548387096774,0.9936086054274474
TRG - Turtle Ridge,186,5875.0,995817.230483871,3.5022066073021487,31.623655913978496,0.9830050632273545
135 - South East Torrance - East,185,990000.0,751034.4810810811,581.2897366030882,31.67027027027027,0.97154436372501
150 - Hermosa Bch East,185,1440000.0,1235324.1405405405,807.3607406146143,37.84324324324324,2.990281289680712
UT - University Town Center,183,4500.0,273017.13661202183,3.5031847133757963,31.7103825136612,1.0742573158880773
"T2 - Cudahy, SouthGate W of 710, HuntPk S of Flore",183,660000.0,564905.1092896175,514.23884829501,38.30054644808743,0.9852206928346866
195 - West Wilmington,183,657605.0,585466.0601092896,491.2683930431456,36.7103825136612,1.0266390848938691
VC29 - Hillside above Poli St./ Foothill Rd,179,1215000.0,1083174.0458100557,622.3384948063483,58.44134078212291,0.9656041421532969
"60 - Westminster South of Westminster, W of Beach",178,977500.0,907457.6685393258,589.1499654457498,24.65730337078652,5344.220226047697
DC730 - Wonder Valley,178,53750.0,116017.19662921349,213.71655822409338,121.61797752808988,0.8371109622700833
"67 - S of Bolsa, E of Beach",177,905000.0,717212.8248587571,579.7447162825305,21.74576271186441,1.0320446352696135
RF - Bellflower South of 91 Frwy,176,614000.0,654940.7943181818,458.0715140634351,37.70454545454545,6.540425907963746
169 - PV Dr South,172,915000.0,1065835.761627907,535.0136925899475,57.93604651162791,0.9234106035020069
676 - Monterey Hills,172,550500.0,487043.6046511628,515.2514427040396,35.06395348837209,0.9880721141178943
DC726 - Four Corners,172,188850.0,184232.2558139535,158.2792207792208,63.73255813953488,5.405785231521838
NBS - Newberry Springs,171,59700.0,101084.35087719298,124.13793103448276,130.29239766081872,0.8648305089060279
117 - McCarthy,171,710000.0,562644.1461988305,512.5,23.169590643274855,1.0387130674034393
9 - Poly High,171,625000.0,663335.5204678363,436.3001745200698,41.95906432748538,0.9720804894106333
25 - Carson Park,169,910000.0,872014.1124260355,695.7124845397759,23.390532544378697,0.9960967477025882
47 - Garden Park,169,1055000.0,933732.2899408285,640.9721762730437,22.76923076923077,6.484929969575902
VC43 - Las Posas Estates,168,1387500.0,1384075.8452380951,514.3007677206281,51.61904761904762,1.0069949628766772
91978 - Spring Valley,168,762500.0,682364.3392857143,454.3039319872476,26.988095238095237,0.9879535000193959
JN - San Juan North,168,1087500.0,1343247.0,611.545988258317,35.32142857142857,0.9730442779211382
657 - So. El Monte,167,730000.0,751919.536766467,438.0238010810891,39.287425149700596,7.473043538823521
DC770 - Needles,167,150000.0,231508.4131736527,127.70270270270271,112.58083832335329,0.8596823210143748
OT - Orangetree,167,3200.0,232226.95808383235,3.470031545741325,25.850299401197606,0.9814499102534712
26 - Lakewood East,167,758000.0,629864.3473053892,561.943227235518,25.88622754491018,1.0362073709803816
LCCLE - Clearlake  East,165,130000.0,149226.5212121212,176.57894736842104,90.25454545454545,0.8865785560521968
"21 - Crest Gardens, Mayfair, Signature",165,840000.0,844196.0363636364,662.925710807847,25.12727272727273,1.1023415321150858
232 - Gavilan Hills,164,570000.0,560229.9024390244,288.46153846153845,50.99390243902439,0.9503304903652222
AG-West of Hwy 101,163,780000.0,822555.1809815951,473.3009708737864,40.42944785276074,0.9722795618649257
"T5 - WalnutPk, HuntPk, Bell N of Florence, and Cud",162,697500.0,688091.024691358,470.4348770081826,50.617283950617285,0.9752489464500156
"58 - Westminster North of Rancho, S of 405",162,1000000.0,891399.6111111111,592.0781893004115,19.339506172839506,1.1113243465803233
31 - South of Conant,161,980000.0,930463.1801242236,705.9447983014862,19.73913043478261,0.9999818657439774
SEND - Sendero,161,875000.0,837768.3105590062,566.6003976143141,37.01863354037267,1.645167243206022
"93 - Anaheim N of River, E of Lakeview",161,665000.0,694012.4720496894,573.1922398589065,30.03726708074534,0.9893122680372977
VLWC - Valencia West Creek,160,577500.0,423745.2125,365.3745197699668,37.825,0.974202642039689
JS - San Juan South,159,1700000.0,1507523.6666666667,619.1222570532915,43.76729559748428,0.9591088105690183
678 - N. Whittier,159,828000.0,870634.5220125787,530.6526038233355,29.77358490566038,1.0487997672137268
381 - Salton Sea - Imperial County,158,21000.0,126895.97468354431,201.92307692307693,90.32911392405063,0.9249501710757555
120 - South Gardena,158,679500.0,504815.85443037975,459.3733404142326,35.29746835443038,0.9833943254517163
DC710 - Desert Heights,157,100000.0,146899.33121019107,209.41176470588235,108.99363057324841,0.8607895745818069
187 - Holy Trinity,155,750000.0,681488.9741935484,552.7760829774253,37.83870967741935,0.9861509678932655
112 - North Lawndale,152,689500.0,635273.3407236843,501.9305019305019,39.651315789473685,0.981239046555737
DC531 - Central East,151,348000.0,310404.0728476821,248.19871794871796,68.64900662251655,6.904744086429928
153 - N Redondo Bch/El Nido,149,1219000.0,1034058.0805369128,683.4016393442623,46.30201342281879,1.0433930511925302
RBGL - Rainbow Glen,147,710000.0,580341.9659863946,419.0377651319193,40.87074829931973,0.9817232287809238
DC571 - Yucca Mesa,146,270000.0,295758.75616438355,276.75585284280936,78.5958904109589,0.9294901358895203
"RD - Cerritos South of 91 Frwy, W of Norwalk",146,995000.0,832510.7260273972,580.3955288048152,28.061643835616437,0.992362808936953
LCCLR - Kelseyville Riviera,146,310800.0,255091.44520547945,211.46355036171397,106.62328767123287,0.896479468412818
173 - Los Verdes,145,7500.0,846726.0551724138,3.7929125138427464,33.820689655172416,0.9863630533068423
DC612 - Joshua Tree Village,143,285000.0,275523.3706293706,289.58944281524924,73.5034965034965,0.960345381255599
118 - Pacific Square,143,580000.0,562438.6853146853,430.3106760700389,35.99300699300699,1.1109243418345212
167 - PV Dr East,143,1710000.0,1412291.6853146853,648.9841986455982,54.60839160839161,5.134554606831985
73 - Villa Park,142,2180000.0,2135878.028169014,658.1544236168393,55.92253521126761,0.9515217058734184
LF - Las Flores,141,925000.0,828463.7234042553,600.0,24.347517730496453,0.9978189218299999
111 - Bodger Park/El Camino,141,860000.0,921266.0496453901,633.8411316648532,34.5531914893617,0.9902401220454008
RQ - Compton West of Central,141,670000.0,683071.4539007092,536.0736591652621,35.822695035460995,1.055535540920467
SMRG - Santa Margarita,141,23000.0,244759.36170212767,446.12794612794613,119.86524822695036,1.113455681291182
113 - South Lawndale,140,775000.0,641762.55,454.31600201918224,32.65714285714286,0.9775620335533836
MH - Marblehead,140,1217500.0,1320579.342857143,691.1318016644487,30.35,0.9784273377816013
130 - Southwood,140,1240000.0,994288.2142857143,851.063829787234,27.285714285714285,1.0111378349749884
88 - La Habra Heights,140,1399944.0,1380785.8785714286,492.2416084824225,70.26428571428572,0.9730275788787424
LGA - Laguna Altura,139,6500.0,1032320.8129496403,3.0140845070422535,36.611510791366904,0.9775929363400868
310 - Mecca/North Shore,139,41600.0,152739.04316546762,213.67521367521368,58.273381294964025,0.9198923834203975
171 - Country Club,136,920700.0,1376042.1470588236,613.4969325153374,42.8235294117647,0.9686844972039956
CAYU - Cayucos,133,1200000.0,1322615.6439849625,829.7143926387332,93.85714285714286,0.8685193840737675
DC - Dove Canyon,133,1595000.0,1331820.6917293232,534.850640113798,33.902255639097746,1.1074861986453626
"68 - N of Heil, S of Blsa, E of Brookhrst, W of Ha",133,885000.0,767546.3609022556,574.4644223412395,30.533834586466167,1.0554891058210676
"T6 - Maywood, Bell",133,700000.0,761419.4962406015,465.4363247615953,47.225563909774436,0.9607575708251304
109 - Ramona/Burleigh,133,740000.0,671061.2105263158,4.910714285714286,37.53383458646616,0.9647100350199181
FRZ - Frazier Park,132,270000.0,266210.1439393939,211.2267136914451,76.31818181818181,0.9178748306688284
LCCOB - Cobb,132,142500.0,178455.92424242425,219.7015200079008,194.96969696969697,0.8570951769205983
NPRK - Valencia Northpark,130,775000.0,713550.176923077,459.0280436788444,34.6,0.9851807869514365
149 - Hermosa Bch Valley,130,1097500.0,1749355.3846153845,839.0410958904109,34.315384615384616,1.7232588676249603
PRSE - PR South 46-East 101,129,800000.0,875400.7751937985,430.2665129222899,70.31007751937985,0.9622608935670884
91906 - Campo,129,450000.0,418069.9534883721,324.46971019553075,64.69767441860465,0.957421033197587
CD - Coast District,127,1225000.0,1074674.3622047245,564.8986632169039,39.31496062992126,1.7513212853578992
LCOAK - Clearlake Oaks,127,125000.0,157678.97637795276,134.72137170851195,78.83464566929133,0.8617521395093052
SAND - Sand Canyon,127,1465000.0,1427206.212598425,437.5,61.811023622047244,0.9411995247598367
YG10 - Oakhurst,126,420000.0,414199.0396825397,256.8415711131686,73.92857142857143,0.9125659538243339
176 - Silver Spur,126,1500000.0,1026791.9444444445,750.1103265666372,33.96031746031746,0.98397937369672
LLO - Llano,126,32750.0,114847.53968253969,213.67521367521368,142.45238095238096,0.8410453970923447
VALN - Valencia North,124,802500.0,714840.6048387097,484.7494553376906,26.991935483870968,0.9912872918061124
MOJV - Mojave,124,55880.0,138725.45967741936,180.34825870646767,152.4516129032258,0.9036715177454776
PARA - Paradise,123,67000.0,262108.86991869917,267.58409785932724,77.3170731707317,0.915233324770988
290 - Forest Falls Area,123,349900.0,318422.8048780488,255.86446568201563,89.63414634146342,0.9859151821523663
VC23 - Ventura Beach S. of Ventura River to S.C.,122,1462500.0,1522702.9262295081,857.0696092945509,66.54918032786885,0.9330361201433047
185 - Plaza,122,587500.0,516463.61475409835,262.7142455745996,62.950819672131146,0.9545055946669799
YG20 - Coarsegold,121,378000.0,375883.87603305787,223.2360097323601,95.9504132231405,0.9261818479652119
ORWE - SM/Orcutt West,120,760000.0,725077.7833333333,372.6679104477612,31.858333333333334,0.9656766824144221
SMNW - SM Northwest,120,501125.0,420294.27749999997,326.1467889908257,40.358333333333334,0.9578767507642983
115 - North Gardena,119,713500.0,626907.2268907563,448.64864864864865,38.51260504201681,0.9650526266895592
54 - Hawaiian Gardens,119,485000.0,459528.19327731093,494.314812781377,45.260504201680675,1.0514499337333592
RL - Paramount North of Somerset,119,508000.0,511709.9307563025,464.7435897435897,31.26890756302521,0.9722733037288888
PRNE - PR North 46-East 101,119,765000.0,782255.0420168068,453.6132912385018,52.1764705882353,0.9583831703047317
48 - College Park East,119,1365000.0,1192788.8655462186,625.4429482636428,26.100840336134453,0.9767376666753406
146 - Manhattan Bch Heights/Lib Vlg,118,1912500.0,1736582.559322034,983.6065573770492,31.703389830508474,0.982831242333707
MP1 - Mariposa 1,118,343750.0,396715.0423728814,235.87858378586446,98.57627118644068,0.8977162161223443
92173 - San Ysidro,117,515000.0,4585068.435897436,486.0699466508595,34.29059829059829,9.999898831003167
AG Mesa,116,1147500.0,919041.8256034482,471.75222254086606,55.39655172413793,2.0552489852601328
FBC - Fort Bragg Central,116,525000.0,545645.3103448276,376.8680961663418,102.48275862068965,0.9065705701872526
179 - South Shores,115,1100000.0,1055817.7913043478,568.0334993112227,39.73913043478261,9.940981831642807
LCLPS - Lakeport South,115,225000.0,295053.2260869565,150.6961506961507,102.62608695652175,0.8827600904803682
ADUL - Agua Dulce,115,810000.0,761990.8608695652,414.4236338113889,78.80869565217391,0.9947028625505235
MCTO - Montecito,114,6000000.0,7411522.850877193,1756.3913060927075,110.67543859649123,0.8971570220295642
HILC - Hillcrest Area,113,856000.0,812500.673539823,379.77174340810706,33.60176991150443,0.9856161649375431
LCLUC - Lucerne,113,190000.0,189107.18584070797,174.56501831501834,99.30088495575221,0.9308752229376316
92091 - Rancho Santa Fe,113,1929331.0,2419221.4336283184,854.0372670807453,42.05309734513274,0.960555091098815
SMIG - San Miguel,112,580000.0,714625.0,387.65325670498083,81.60714285714286,0.9345914635359861
VVER - Val Verde,112,372450.0,341384.8214285714,398.72685185185185,64.57142857142857,0.9072821985415462
SMIA - Santa Maria,111,585000.0,614340.827027027,377.5455402068536,50.52252252252252,0.9743534739586437
28 - Lakewood City,111,860000.0,707180.3603603604,577.6794493608653,25.306306306306308,0.9911666389079188
"T1 - Vernon, Maywood, Hunt Pk & Bell, N of Florenc",111,660000.0,643981.3963963964,411.42857142857144,38.729729729729726,0.9837499847003361
VWES - Valencia Westridge,110,885000.0,1167362.4272727272,427.12739589178636,48.72727272727273,0.9737361805553446
PL01 - Tehama County,109,290000.0,322720.8990825688,200.6340579710145,139.1834862385321,0.8762134066343379
"326 - Pinyon Pines, Garner Valley",109,285000.0,397785.77981651376,335.09341998375305,96.44036697247707,0.8856707115517086
RCR - Ridgecrest,109,180000.0,177556.07458715595,157.24559639259314,79.62385321100918,0.9156892643650532
GVLK - Green Valley Lake,108,320000.0,304156.00925925927,312.5,91.92592592592592,10.092462817913773
186 - Miraleste Pines,108,576315.0,675523.8425925926,520.1384906982671,46.53703703703704,7.261635287337162
"RH - Bellflower N of Alondra, E of Bellflower",108,760000.0,681281.7685185185,539.2860376072381,25.85185185185185,1.0045048680345752
"RJ - Bellflower N of Alondra, W of Bellflower",108,775000.0,751243.0833333334,516.98670605613,36.27777777777778,0.9807788599534325
CAN3 - Canyon Country 3,106,885500.0,755072.0471698113,365.46819438956936,32.867924528301884,0.9915473311952178
175 - Peninsula Center,106,905000.0,1000903.2853773584,752.0162302725969,46.235849056603776,0.968348620478091
42 - El Dorado Park,106,1196500.0,939663.8867924528,605.0909204785069,29.57547169811321,0.9954335680096199
164 - Valmonte,105,2194650.0,1972364.2476190475,1001.306051371354,30.285714285714285,0.9569721724875928
KREA - Koreatown,104,479000.0,655118.3546153846,4.410029498525073,57.03846153846154,0.9477835952830607
679 - Montecito Heights,104,896000.0,738081.5,649.2805755395683,60.96153846153846,0.9885206711783739
29 - Lakewood Village,103,1012000.0,916096.8446601941,579.1592128801431,28.058252427184467,0.9903074349753439
DC729 - Hanson Area,102,213000.0,185151.96078431373,200.09099181073702,82.90196078431373,0.9068669235241525
163 - Malaga Cove,101,1915000.0,2137135.7004950494,790.5138339920949,46.26732673267327,0.9410576341457362
SLBH - Shell Beach,101,1650000.0,1849247.3366336634,988.1324404761905,49.31683168316832,0.9475708152710499
DC511 - NW Morongo,100,262000.0,242005.49,244.16530501089323,61.84,0.9098955770159256
"22 - Lakewood Estates, Lakewood Manor",100,867500.0,804310.95,622.7758007117437,21.94,1.0139734971537384
172 - La Cresta,100,1930000.0,2310377.9,683.8365896980462,49.99,1.8195875657794784
311 - Indio Central,99,535000.0,447051.75757575757,304.4984488107549,73.75757575757575,11.158107681291392
CYPK - Cypress Park,99,765000.0,600319.1212121212,506.1751540518544,39.121212121212125,0.9810264149987911
WW - Wagon Wheel,98,717300.0,829593.5204081633,618.1972789115646,27.785714285714285,0.9877229065959944
MOON - Moonridge,98,580000.0,612341.224489796,408.2976093716659,118.71428571428571,0.9220343871256895
"57 - Cypress N of Orangewood, S Of Katella",97,754000.0,609593.2989690722,517.2682661810609,26.061855670103093,0.9941807983937203
SMSW - SM Southwest,96,635000.0,599043.1354166666,382.8080229226361,29.53125,0.9888193291192213
116 - North Gateway,94,722500.0,675043.0319148937,519.3028594676275,33.12765957446808,0.9960819411854487
DC725 - Smoke Tree,93,180000.0,158293.49462365592,198.76325088339223,66.06451612903226,0.9034529412765665
MA - Mission Area,92,597500.0,660333.9130434783,557.4136008918617,29.108695652173914,0.9819052081500728
196 - East Wilmington,91,675000.0,641846.7032967033,552.6365551893673,40.54945054945055,0.949590273288092
DC626 - Outlying North/Sunfair Heights,91,55000.0,163643.94505494504,271.57738095238096,128.0989010989011,0.9462548305892396
PBLM - Pearblossom,91,106500.0,222323.83516483515,260.8541830193616,82.01098901098901,0.8825917665297363
MEH - Melinda Heights,90,920000.0,802476.6666666666,553.7115362957215,28.122222222222224,0.9838706194888458
DC622 - Sunfair West,89,42500.0,216887.06741573033,290.32258064516134,110.66292134831461,0.8534346944471983
92121 - Sorrento,89,835000.0,811968.5168539326,678.3468104222821,34.640449438202246,0.9797628397121243
CR - Crystal Cove,89,50000.0,6869446.9662921345,15.862944162436548,64.59550561797752,0.9330006387153709
180 - Palisades,89,875000.0,763386.2247191011,640.8345752608047,42.842696629213485,0.9720650551626824
46 - Eastgate,89,1000000.0,877272.5730337079,713.2214101296065,19.797752808988765,1.0211697614510524
DC727 - Adobe,89,178000.0,173545.75280898876,189.06810035842295,93.56179775280899,0.9315683938482128
36 - Park Estates,88,391000.0,916165.5795454546,633.9712918660288,43.84090909090909,0.9676919522447128
LC - Laguna Canyon,87,6200.0,721071.4252873564,5.512094143163042,85.14942528735632,0.9348579350074074
HASC - Hasley Canyon,86,1050000.0,1056397.4302325582,405.0378151260504,61.406976744186046,0.9488978338034374
189 - Barton Hill,86,550625.0,479427.5465116279,4.268149882903981,59.98837209302326,0.9601217772377875
MP4 - Mariposa 4,85,346000.0,357970.1176470588,247.3190348525469,105.18823529411765,0.9002429496985856
RVB - Riverbend,85,832000.0,657505.4705882353,508.732793309082,29.16470588235294,11765.795336243416
DC625 - North Central,84,252500.0,294588.04761904763,400.9433962264151,96.36904761904762,0.8379851268348013
BC - Bell Canyon,84,1848750.0,1807056.1904761905,470.07121988763987,66.26190476190476,0.9205573709924632
RR - Robinson Ranch,83,1295000.0,1133096.686746988,634.3863283272916,34.01204819277108,0.9713608676967049
144 - Manhattan Bch Hill,83,2800000.0,3827027.192771084,1091.1894232294471,70.57831325301204,0.9634587301228101
VALC - Valencia Copperhill,83,685000.0,607078.313253012,401.36236587971536,35.53012048192771,0.9878289459526043
MP2 - Mariposa 2,82,361000.0,367520.2926829268,229.24677749074823,85.47560975609755,0.9339555326550951
QHL - Quartz Hill,82,520000.0,473385.6707317073,267.179113897367,60.90243902439025,0.9667780411509326
AVIL - Avila Beach,82,1172500.0,1321978.3902439023,628.8819875776397,72.6219512195122,0.9359709003691102
138 - Rancho Dominguez,82,832500.0,772991.8170731707,483.24121655595263,31.25609756097561,0.9950054615155178
LCNIC - Nice,82,166400.0,205197.89024390245,147.7384311512415,112.7560975609756,0.8477411821313856
56 - Cypress South of Orangewood,80,1105000.0,865258.25,648.9071038251366,22.8375,0.9976409027837002
91916 - Descanso,80,560000.0,548556.25,441.5584415584416,43.6375,0.9184559675592098
673 - Lake View Terrace,79,965000.0,898447.835443038,465.7483018220163,38.65822784810127,3.179091653822291
LKL - Lake Los Angeles,79,80000.0,258693.16455696203,291.6666666666667,87.15189873417721,1.0018251388556763
NEW5 - Newhall Area 5,79,475000.0,536604.835443038,423.22977346278316,39.64556962025316,0.9812741378426976
114 - Hollypark,78,782500.0,632770.2948717949,518.8119226824189,28.525641025641026,0.9812189047758645
LCLL - Lower Lake,78,270000.0,283540.4487179487,228.57142857142858,95.8076923076923,0.9247496867292623
VALB - Valencia Bridgeport,78,802500.0,681215.2564102564,410.64553900796886,41.17948717948718,0.9813535352287411
LCMID - Middletown,77,290000.0,310616.87012987013,255.21522336420065,120.03896103896103,0.8834102761442542
92086 - Warner Springs,77,229000.0,379448.961038961,171.95767195767195,98.33766233766234,0.926813549768793
SJ - Rancho San Joaquin,77,1035000.0,722949.8831168831,687.4585268745852,30.467532467532468,0.9798770517466615
PRKR - Parker Road,77,700000.0,661935.1298701299,403.2669729453803,39.74025974025974,0.9846468860846047
162 - Monte Malaga,77,2650000.0,2784808.7662337665,873.7223870755028,42.12987012987013,0.9467255527510996
DC535 - Sky Harbor,77,400000.0,383480.12987012987,243.57034795763994,76.93506493506493,0.9332743133585775
35 - Artcraft Manor,76,900000.0,786812.447368421,660.0639525556128,30.36842105263158,13.980657244962964
SHFO - Sherwood Forest,76,1450000.0,1311164.0921052631,501.5371716042482,29.57894736842105,0.9842210444516721
VDV - Vista Del Verde,76,1328000.0,1278539.5657894737,525.7535549450783,28.157894736842106,0.9910887152846194
246 - Glen Ivy/Alber Hill,75,579900.0,488869.38666666666,338.2502543234995,51.10666666666667,0.9741870927030608
VSUM - Valencia Summit,75,935000.0,987458.84,502.74223034734916,30.92,0.9898408798794437
VC57 - Piru,75,639900.0,548687.64,335.2518369688852,52.333333333333336,0.9633675241742655
LCCP - Clearlake Park,75,150000.0,174041.2,191.66666666666666,106.13333333333334,0.8537698617088775
LCKEL - Kelseyville,74,335000.0,403632.4324324324,213.60499507065396,113.95945945945945,0.8720048970778883
DC615 - Upper Friendly Hills,73,450000.0,582470.5479452055,305.6478405315615,92.73972602739725,0.9162060660699243
DC542 - Downtown North,73,220000.0,232175.0,226.97368421052633,62.56164383561644,0.9184673198991284
VC46 - Cam - Santa Rosa Vly,72,1913500.0,1840833.4027777778,567.2105672105672,51.388888888888886,0.9571470386046461
Columbus Square,72,878875.0,678463.9722222222,601.530843879462,25.63888888888889,0.9972416538751817
672 - Shadow Hills,71,1125000.0,1070496.8309859154,602.4980204937121,35.774647887323944,0.9773407899930584
140 - East Carson,71,725000.0,660786.0985915493,565.4424752481782,31.56338028169014,0.9872825609555487
91962 - Pine Valley,71,640000.0,627871.8309859155,375.8445945945946,42.67605633802817,0.9898923987388303
145 - Manhattan Village,70,14125.0,975319.7714285714,7.423904974016333,32.7,0.9988849328179727
VLWH - Valencia West Hills,70,1100000.0,942774.6428571428,383.97838643564234,40.65714285714286,0.9804702827612023
DC553 - Buena Vista South,70,370000.0,414258.51085714286,287.9892147540163,98.11428571428571,0.9089056291472313
FBS - Fort Bragg South,69,645000.0,647340.2898550725,422.97417631344615,66.20289855072464,0.8972446415121627
HSHL - Hasley Hills,69,855000.0,819021.1739130435,383.8951310861423,50.130434782608695,0.9784007095476488
IRSP - Irvine Spectrum,68,6800.0,989156.5588235294,3.3285094066570187,42.6764705882353,0.9845160185013135
DC541 - Country Club,68,89750.0,254861.32352941178,191.9221423410304,82.8970588235294,0.9058066748693748
SMSE - SM Southeast,68,612500.0,566145.1741176471,366.37867570205754,30.602941176470587,0.9862818246417926
RVLG - River Village,68,787500.0,826991.3235294118,356.3096393494293,42.4264705882353,1.1011913541261829
FBN - Fort Bragg North,67,623000.0,658063.2089552239,404.92957746478874,133.8955223880597,0.8765568297825169
170 - West Palos Verdes,66,1837500.0,1519857.0833333333,696.2250712250712,39.24242424242424,1.0295075723673042
TAFT - Taft,64,199499.5,206706.21875,190.0497512437811,53.265625,0.9273364057309404
HHIL - Hidden Hills,64,5362500.0,5557443.90625,948.4193011647254,93.171875,0.9116035001733264
DC621 - Old Town West,64,234500.0,220045.390625,246.32245294730802,110.484375,0.8706318250485727
LCRH - Riviera Heights,64,261325.0,215098.40625,218.53146853146853,134.828125,0.8715219242961488
"317 - Valerie Jean's, Oasis, Desert Shores, Salton",62,24500.0,230419.0,169.64285714285714,89.6774193548387,0.8624467813273776
MP5 - Mariposa 5,62,376000.0,392008.8387096774,275.20853005980484,88.37096774193549,0.9076508453756384
105 - Lennox,62,705000.0,714071.4838709678,440.65281899109794,51.17741935483871,0.9664857806760212
BORN - Boron,60,165000.0,129217.46666666666,179.3754538852578,104.98333333333333,0.824470664964305
FAWN - Fawnskin,60,422500.0,521895.9166666667,352.68847006651885,87.83333333333333,0.9044519098678767
CG - Columbus Grove,60,6300.0,710187.5,2.965953116781772,32.31666666666667,1.3362974089454187
SRA - Santa Rosa Valley,59,1769000.0,1917670.0847457626,570.7030205827319,71.13559322033899,0.9397377773114316
38 - Bixby Hill,59,831500.0,1040205.8474576271,474.09326424870466,33.94915254237288,0.9796280089324848
LCKEY - Clearlake Keys,59,265000.0,218714.38983050847,222.91196388261852,102.37288135593221,0.8815426242582273
MP3 - Mariposa 3,59,389500.0,403590.13559322036,243.71069182389937,89.30508474576271,0.9343638282324693
LCKVLP - Kelseyville Proper,58,298000.0,278440.1206896552,187.98705379587733,83.79310344827586,0.8926029182883802
285 - Reche Canyon,58,620000.0,592212.0689655172,316.0712698835866,63.758620689655174,0.9223971081798963
DC574 - North Aberdeen,57,145000.0,233741.66666666666,269.0700104493208,86.29824561403508,0.8818842523266516
92061 - Pauma Valley,57,725000.0,878507.0175438597,376.8838652482269,51.87719298245614,0.9220082947764979
STE - Stonegate East,57,4900.0,471949.1228070175,3.138252756573367,25.80701754385965,0.9917492592498762
LCUL - Upper Lake,57,225000.0,326464.0350877193,186.51714877198623,135.42105263157896,0.8732357081356582
1C - Catalina,55,955000.0,1171136.7272727273,858.8191867259479,78.03636363636363,0.9151640273569641
DC595 - Johnson Valley,54,27750.0,77923.12962962964,166.51865008880995,90.14814814814815,0.8104923168840268
VANG - Solvang,54,1330000.0,1465085.2407407407,585.0677204527377,78.37037037037037,0.9364971252365927
GUAD - Guadalupe,54,625000.0,663100.0,410.8611587663215,37.24074074074074,0.994630820263864
CPTA - Carpinteria,54,1409604.5,1647800.3148148148,944.5100354191263,57.98148148148148,0.9408894327825025
SI - Silverado Canyon,54,767500.0,761060.1851851852,612.0110156995403,97.37037037037037,0.924126344434154
DC721 - Indian Cove,53,270000.0,217876.10943396227,234.5679012345679,84.0377358490566,0.8968445290080965
LCBUK - Buckingham,53,425000.0,447797.7358490566,258.9641434262948,154.18867924528303,0.8518061973192558
CRSD - Valencia Creekside,52,700000.0,617843.2692307692,409.0419806243272,33.23076923076923,0.9862074754548289
CJRC - Circle J Ranch,52,870000.0,955670.1730769231,452.8502930207778,24.846153846153847,0.9914247145458486
91905 - Boulevard,52,233750.0,283632.6923076923,311.10645653125613,57.67307692307692,0.9571401515030236
DC543 - Western Hills Estates,52,433750.0,391738.46153846156,262.1636156736,96.98076923076923,0.9128597173034276
DC524 - Storey Park,51,390000.0,371818.43137254904,227.3949446360501,57.411764705882355,0.9517128590076033
SCTO - Sacramento,50,435000.0,435600.84,335.5662156371495,41.1,0.9714430066665806
TF - Tustin Field,49,6500.0,719280.612244898,3.0843043180260454,26.877551020408163,0.9988189907881324
GLTA - Goleta,49,1330000.0,2782937.2448979593,746.6294177444368,63.51020408163265,1.3229249732688335
YG50 - North Fork,49,369000.0,378985.71428571426,251.9298245614035,100.22448979591837,0.9516636290648214
166 - Rolling Hills,48,3715000.0,3949259.9583333335,1071.1097887533472,91.22916666666667,0.9127987956302547
FEKS - Five Knolls,48,833500.0,790372.9166666666,342.23519497751477,42.270833333333336,0.9765863695037066
168 - Mira Catalina,48,1824999.5,1443430.0833333333,731.2546399406087,56.520833333333336,0.9487543152986281
ELMG - El Mirage,47,33000.0,74201.06382978724,179.71014492753622,124.57446808510639,0.8642206820947601
CTER - City Terrace,46,539950.0,486303.152173913,609.8484848484848,56.67391304347826,0.9940169446258887
LKIS - Lake Isabella,45,108000.0,131929.15555555557,132.8125,89.37777777777778,0.8907839732958935
DC624 - Hidden Rivers,45,290000.0,256121.0888888889,295.45454545454544,74.15555555555555,0.9055483142444161
"32 - Stratford Square, University",45,975000.0,922605.4222222222,675.9185202912058,25.133333333333333,1.0155253938712379
YG40 - Bass Lake,45,750000.0,870732.2222222222,465.728305785124,103.15555555555555,0.8929270525523557
37 - College/University Park Estates,45,1310000.0,1174024.111111111,681.2796208530806,24.68888888888889,0.9955463346242278
RE - Norwalk South of Alondra,44,700000.0,557995.4318181818,542.4516509433962,30.272727272727273,0.9947035415641738
SOSR - South Stevenson Ranch,43,1400000.0,1345476.2790697673,443.28552803129077,33.883720930232556,1.2009105651578882
SJOS - San Jose,42,1050000.0,955562.3571428572,646.7133833399132,30.19047619047619,0.9861084133393069
SHAF - Shafter,42,399450.0,405414.28571428574,237.84355179704016,30.857142857142858,0.9979390086516898
MDR - Mendocino Rural,41,980000.0,1168876.8292682928,479.57254234830475,91.65853658536585,0.9216903314037331
SKYLN - Skyline Ranch,39,927000.0,802693.4358974359,393.15937940761637,52.87179487179487,0.9801917397195127
CRST - Creston,39,799000.0,895573.7692307692,418.0602006688963,112.33333333333333,1.1419197398878638
NCAS - North Castaic,39,785000.0,887839.2564102564,411.64858806699783,41.794871794871796,0.9831377224543854
LEBC - Lebec,39,280000.0,275737.1794871795,197.47306945506176,64.43589743589743,0.907563339369855
SH - Shady Canyon,39,8800000.0,7500262.435897436,1288.7784221669888,73.41025641025641,0.9054853656618749
ALIE - Aliento,38,1200000.0,1063919.7105263157,399.1237955981137,49.0,0.9677764762305502
BCRO - Valencia Belcaro,38,820000.0,728444.7368421053,357.36742007502403,47.94736842105263,0.9804595469826689
ROCS - Rancho Cascades,38,720000.0,715885.5263157894,419.96911117022853,37.31578947368421,0.9794588857250833
91934 - Jacumba,38,289503.5,213661.31578947368,272.2063037249284,59.81578947368421,0.9511680182183728
SVLG - Sun Village,38,21500.0,47964.15789473684,416.6666666666667,103.84210526315789,0.9695799625550687
MD638 - Madera 93638,38,375000.0,341368.36842105264,260.0,37.71052631578947,0.9496267641623847
DC581 - West Flamingo Heights,38,265000.0,263060.4736842105,243.70573166014594,83.76315789473684,0.9096879693986939
ELCN - El Centro,37,375000.0,393742.7027027027,220.31745125467472,44.37837837837838,0.9675404402217617
MD610 - Chowchilla 93610,37,389000.0,400738.1081081081,201.8681888946549,51.567567567567565,0.9322726166403928
BIGR - Big River,37,120000.0,162370.27027027027,96.0249042145594,156.32432432432432,0.844993969166364
ANTA - Antelope Acres,37,23000.0,200569.54054054053,281.87919463087246,180.0810810810811,8.616951762300292
91963 - Potrero,36,360000.0,407477.47222222225,333.05555555555554,85.80555555555556,0.9089392766116927
DELA - Delano,35,317000.0,298725.71428571426,243.05555555555554,37.22857142857143,1.5107685631206669
DC512 - NE Morongo,35,330000.0,286774.28571428574,278.6825062128172,90.65714285714286,0.9171359956978791
VWPK - View Park,35,1315000.0,1287098.2857142857,608.4656084656085,50.05714285714286,0.9934588344964677
PLAC - Placerita Canyon,35,1260000.0,1178362.8285714285,505.32407370014846,61.0,0.9737208851877993
371 - 29 Palms,34,28750.0,125650.0,249.3273542600897,113.47058823529412,0.8845707141014207
LCSPV - Spring Valley,34,200000.0,206047.0588235294,189.3939393939394,111.11764705882354,0.8678916895083184
ECAS - East Castaic,34,577500.0,498844.1176470588,393.8802083333333,29.08823529411765,0.98002801904967
MP7 - Mariposa 7,34,579500.0,711479.3823529412,613.2154882154882,112.82352941176471,0.8844220053771789
MD637 - Madera 93637,34,398500.0,422485.23529411765,238.1630234012537,30.88235294117647,0.9730918081886744
MD636 - Madera 93636,34,522500.0,567256.7352941176,253.907900295733,43.470588235294116,0.9606273506901329
VTVL - Victor Valley,34,399000.0,366182.5294117647,227.77608682537857,60.588235294117645,0.9701654825522579
LOAK - Live Oaks,33,750000.0,746905.4848484849,479.4973544973545,45.72727272727273,0.9812871902799774
27 - Imperial Estates North,33,805000.0,692019.1818181818,574.1626794258373,27.666666666666668,1.0001669622646139
BUEL - Buellton,33,805000.0,1066403.0303030303,465.3179190751445,59.121212121212125,0.9458182039518707
IMPL - Imperial,33,430000.0,398545.1515151515,256.4102564102564,34.84848484848485,0.9660206307936765
CHNA - Chinatown,32,520000.0,536576.78125,3.076923076923077,65.5,0.9322754807003831
VMET - Villa Metro,32,695000.0,606714.0625,430.5911603625436,42.84375,0.9737647644954971
FBE - Fort Bragg East,32,551425.0,582026.5625,358.8235294117647,113.0,0.8615088898767865
YNEZ - Santa Ynez Valley,31,2130000.0,2377603.870967742,848.9461358313818,87.03225806451613,0.9079969408126745
LCRW - Riviera West,31,345000.0,286490.32258064515,207.1475297489253,141.96774193548387,0.8665974410713941
DC514 - SE Morongo,31,235000.0,226601.61290322582,238.0952380952381,59.645161290322584,0.9104034086427815
DC533 - Western Hills Ranchos,31,370000.0,380020.4193548387,239.0438247011952,69.70967741935483,0.9411678851061465
DC614 - Panorama Heights,31,205500.0,352404.8387096774,333.6038961038961,85.61290322580645,0.9055713573186285
CVLL - California Valley,31,10000.0,25090.322580645163,173.58565493646137,110.6774193548387,0.9177993704257795
TRNA - Trona,31,42500.0,53403.22580645161,45.814189497463516,67.51612903225806,0.8402594168115137
VALW - Valencia Woodlands,29,1153500.0,1034873.7586206896,413.14469914040114,22.586206896551722,0.9709223539179344
LCSB - Soda Bay,29,245000.0,261644.8275862069,177.18528145417253,110.82758620689656,0.849768709286787
DC534 - Golden Bee Area,29,390000.0,350523.9655172414,235.09091883507878,65.86206896551724,0.9673530498715353
SHDN - Shandon,29,488000.0,580300.0,363.4566326530612,73.41379310344827,0.9344556228939486
91948 - Mount Laguna,28,205500.0,260253.75,250.0,54.392857142857146,0.9239616355164995
NLND - Niland,28,21000.0,63642.75,61.111111111111114,92.07142857142857,0.7139516914928302
NOED - North Edwards,28,10000.0,69286.25,29.07777777777778,140.07142857142858,0.8723570574916153
92070 - Santa Ysabel,28,773000.0,828479.4642857143,437.5684556407448,54.535714285714285,0.946006915033151
220 - Sage-Southwest Hemet,28,380000.0,304801.0714285714,214.76637992475096,57.892857142857146,0.9726083840860046
MNTC - Mountain Center,28,138000.0,284267.85714285716,201.06119370825255,156.0,0.8665361491076122
LWDS - Lake of the Woods,28,307500.0,275229.4285714286,239.5286577163506,104.39285714285714,0.9620078419926713
JHLS - Juniper Hills,27,100000.0,230892.59259259258,279.51469902006534,142.77777777777777,0.8509305925648539
DC611 - Lower Friendly Hills,27,350000.0,320250.0,280.9421071556994,87.4074074074074,0.9814474309442686
MDA - Mendocino - Albion,27,550000.0,819605.1851851852,521.6110019646366,106.74074074074075,0.9184318909972184
92066 - Ranchita,27,350000.0,375425.9259259259,303.030303030303,115.07407407407408,0.9171585425491285
609 - Bradbury,27,1890000.0,2446775.4814814813,599.5900879737587,54.81481481481482,0.9573140032535633
DC573 - Mesa School Area,27,325000.0,248807.37037037036,242.88875152086032,61.333333333333336,0.9361492503874453
LCOTH - Other,27,520000.0,3765668.925925926,222.21745453884367,127.03703703703704,3.6463916126162568
WOFH - Wofford Heights,27,202500.0,183496.25925925927,178.15126050420167,87.29629629629629,1.1754303661683687
DC537 - Upper Sky Harbor,26,441075.0,475071.53846153844,234.05698778833107,112.42307692307692,0.8727233068972388
BAKR - Baker,26,301500.0,302459.57692307694,197.57840363499116,85.73076923076923,0.9159172804598398
"40 - Imperial Estates South, Country Square",26,935000.0,871453.8461538461,671.5277777777778,29.615384615384617,0.9794684823660487
BRAW - Brawley,25,325000.0,305755.2,224.916168261563,87.36,0.9213566818898629
PPIN - Pinon Pines,25,430000.0,419725.0,226.51475703951206,70.56,0.9454998091618332
698 - Lytle Creek,25,380000.0,390749.52,365.6419246549795,67.08,0.9585253068524192
DC617 - Monument Manor,25,630000.0,720196.0,460.5263157894737,80.08,0.8186932752112697
CO - Los Angeles (County),25,799990.0,640780.76,489.9969696969697,57.36,1.3317618244622351
MDL - Mendocino - Little River,25,435000.0,676770.0,287.6984126984127,103.28,0.9017690079495736
241 - Lake Elsinore West,24,2300.0,286505.125,379.75103834637304,89.54166666666667,90626.13759021323
DC582 - East Flamingo Heights,24,329400.0,298554.1666666667,223.81225739434694,75.54166666666667,0.8820256579210417
MP6 - Mariposa 6,24,137500.0,299058.3333333333,205.62770562770564,121.5,0.8354048083245745
YG17 - Ahwahnee,24,470000.0,412041.6666666667,237.7963777314353,94.0,0.9406684804621454
NLAK - Northlake,24,892500.0,887993.75,302.0621095836722,25.875,0.986935740477859
DC562 - Pioneertown Proper,24,597250.0,642081.7708333334,478.7136279213744,64.75,42.564351563783816
FOXF - Fox Farm,24,841250.0,737818.2916666666,382.83062645011603,69.83333333333333,1.1061254612869111
DC552 - Paradise Area,23,220000.0,170382.60869565216,236.51252408477842,85.17391304347827,0.899324936710945
342 - B-Bar-H,23,440000.0,329704.347826087,279.4997794997795,58.56521739130435,0.9491498198378462
DC551 - Airport Area,23,370000.0,340873.9130434783,246.63677130044843,54.69565217391305,0.9312019290667648
VC25 - Mills Rd to Victoria Ave.,22,652450.0,643402.7272727273,444.5172700790678,51.90909090909091,0.975415628599977
ERWL - Erwin Lake,22,367500.0,341131.8181818182,325.89285714285717,73.36363636363636,0.9278931790455583
DC523 - Juniper Terrace,22,397500.0,331895.45454545453,269.16292621466255,75.27272727272727,0.9124822532469767
FAIR - Fairmont,21,13500.0,16747.619047619046,,170.66666666666666,0.7071756418757081
MAYF - Mayfair,21,875000.0,916647.0476190476,658.7645837396321,37.523809523809526,0.9867878368732028
SFO - San Francisco,21,943000.0,906502.380952381,706.1556001429419,65.9047619047619,0.9295615058226577
PHUE - Port Hueneme,21,490000.0,493747.38095238095,422.96653065229657,48.857142857142854,1.0229041089695825
CLTE - Caliente,21,130000.0,169330.85714285713,170.19065656565658,153.1904761904762,1.1452411746702225
MTE - Mendocino Town East,21,739525.0,845548.8095238095,456.20742940048655,106.9047619047619,0.9253248766557757
DC711 - Copper Mountain East,20,46500.0,162622.45,268.8609467455621,163.8,1.1860734584395014
VC26 - Victoria Ave. to Kimball Rd.,20,625000.0,657500.0,493.17708300746426,46.6,1.3778504788055588
DC522 - Highlands,20,404500.0,582824.95,324.18224299065423,74.85,0.871344684446125
CJCT - Castaic Junction,19,160000.0,338976.3157894737,112.45492788461539,31.63157894736842,0.9814403723287729
BALD - Baldwin Lake,19,305000.0,336278.8947368421,225.36231884057972,106.57894736842105,0.9128630033089359
DC728 - Campbell Hill,19,145000.0,185216.84210526315,142.02922529746672,82.10526315789474,0.8102555095879422
30 - Lakewood Country Club Estates,19,1650000.0,1416205.0,515.8492822966507,20.842105263157894,0.9772726423126155
BMBY - Bombay Beach,18,53250.0,68938.88888888889,147.67441860465118,74.22222222222223,0.8871742903706916
LCLM - Loch Lomond,18,172000.0,190944.44444444444,246.33174841508173,134.0,0.7837535853740075
LCKB - Konocti Bay,18,195000.0,299200.0,178.8888888888889,56.27777777777778,0.8705460117641383
VC44 - Somis / Las Posas Valley,18,2545050.0,2712655.8333333335,566.9355967328795,96.38888888888889,0.9149601525685465
JFPK - Jefferson Park,18,1008725.0,746100.3333333334,595.1712521055587,48.388888888888886,0.9749325093041215
106 - Los Angeles,18,947500.0,1054180.5555555555,635.7798165137615,45.5,56.44440762771751
RPRK - Rancho Park,17,450000.0,590555.9411764706,355.39476799242425,75.0,0.982168267490876
DC722 - Sherman Heights,17,210000.0,263684.29411764705,231.28679562657695,42.411764705882355,0.9190198558977221
VC24 - California St. to Mills Rd,17,940000.0,1090493.6470588236,695.3200916409991,54.64705882352941,84.86110877570341
223 - Hemet/San Jacinto,17,440000.0,350652.64705882355,246.3768115942029,58.411764705882355,0.976602879254437
91917 - Dulzura,17,605000.0,604235.2941176471,402.47619389343714,33.470588235294116,0.9602758811152443
DC513 - SW Morongo,17,320000.0,305302.9411764706,270.73363109379454,78.70588235294117,0.9054844325984129
318 - Indio Hills,17,280000.0,559347.0588235294,397.482332155477,83.82352941176471,0.963714923908161
DC616 - Quail Springs,16,450000.0,422175.0625,280.46965833758287,71.5625,1.0081139381775002
STCK - Stockton,16,391000.0,380656.25,240.63842848373235,48.0,0.951073241174328
VC12 - Upper Ojai,16,1543750.0,1624843.75,682.8386990519053,76.0,0.9449999822481079
229 - Perris,16,495000.0,1538442.875,250.19735595302666,81.25,0.9869175148301985
EWDS - Edwards,16,172500.0,157218.125,161.39044072004967,53.3125,0.8930734502067228
DC613 - Hospital District,16,83000.0,271640.625,502.40880935994494,178.25,0.6549313301975289
MMTH - Mammoth Lakes,16,602000.0,670256.25,520.3294845789775,86.5,1.8615321945604502
WSCO - Wasco,16,317000.0,328406.25,268.73857404021936,97.9375,0.790864462099338
DNEW - Downtown Newhall,16,750000.0,659327.8125,363.0395474746355,32.5,1.1538702429374155
LCSV - Scotts Valley,16,496000.0,477418.75,261.3071719348659,104.6875,0.9164576946524712
VC27 - Kimball Rd. East to City Limit,15,865000.0,813310.6666666666,469.34346174715137,25.533333333333335,0.9887746214342571
KGY - Kagel Canyon,15,180000.0,363350.0,506.5514998986555,172.6,1.7783157695214105
91 - Sycamore Canyon,15,1035000.0,851823.3333333334,549.3426672945823,22.133333333333333,0.9888791949425991
LALM - Los Alamos,15,875000.0,890773.3333333334,451.3585155732273,43.46666666666667,0.9347600133596289
DC723 - Harmony Acres,15,310500.0,275546.6666666667,203.146051787817,88.06666666666666,0.8673136695698429
LPES - Los Padres Estates,15,345000.0,296588.6666666667,185.68353067814854,66.6,0.9710989252233168
LKWV - Lockwood Valley,15,160000.0,302266.6666666667,338.26666666666665,127.2,0.9030511695069464
53 - College Park West,15,1365000.0,1266400.0,786.2248213125406,33.53333333333333,0.9847831118541877
VC21 - West of California to City Limits,15,678500.0,750259.6666666666,508.9193175476361,73.06666666666666,0.9928542666228304
MAOW - Mesa Oaks/Wye,15,810000.0,817980.0,381.109865470852,74.53333333333333,0.9496496075779458
DC564 - Rimrock,15,155000.0,300800.0,296.15384615384613,91.46666666666667,0.7780367437947538
MHLC - Mission Hills - Lompac,15,562000.0,528233.3333333334,383.92857142857144,13.2,1.0076216612159314
227 - Menifee,15,520200.0,512103.3333333333,262.024407753051,56.06666666666667,0.9691059088359189
VACN - Vista Canyon,15,717000.0,649836.0,431.69722057953874,36.93333333333333,0.9828894067668414
693 - Mt Baldy,14,221250.0,385178.5714285714,333.3333333333333,86.28571428571429,0.8581759872757541
279 - Devore/Verde,14,575000.0,524028.5,365.4720382971117,68.21428571428571,0.9282683657389293
221 - Aguanga/Anza,14,202500.0,256571.42857142858,192.33383444216992,162.92857142857142,0.8633397009659293
PORT - Porterville,14,300000.0,312249.9285714286,226.4183185235817,59.857142857142854,0.9340784403339656
CALX - Calexico,13,340000.0,333350.0,277.24049000644743,72.76923076923077,0.938871556416595
WTUL - West Toluca Lake,13,3620.0,549770.3846153846,3.2552083333333335,30.692307692307693,0.9818770721943414
MTW - Mendocino Town West,13,1228160.0,1234166.1538461538,804.3067411341418,87.07692307692308,0.9289278676038285
MO - Modjeska Canyon,13,1070000.0,925557.6923076923,549.995976664655,171.76923076923077,0.8640732457744347
DC520 - Yucca Valley Southwest,13,340000.0,359615.3846153846,240.56076682556767,118.3076923076923,0.90374173482393
DC545 - Pinion Ridge,13,535000.0,485956.0,385.9745996686913,78.46153846153847,0.8576806945652501
WILL - Willits,13,199000.0,238738.46153846153,180.34086405073324,84.53846153846153,0.7919198552332211
DC510 - Morongo Valley,12,301200.0,293033.25,220.0,96.5,0.8864057600375456
DC623 - Sunfair East,12,36000.0,184408.33333333334,293.7720329024677,71.25,0.7562603879035179
LCAS - Anderson Springs,12,69250.0,148277.83333333334,272.9083665338645,286.1666666666667,0.7666645620786402
208 - Murrieta-East,12,621000.0,528083.3333333334,296.97871995890284,63.0,0.9445139852049397
RCLO - Rancho Cielo,12,1627500.0,1510021.4166666667,558.8077366029603,35.583333333333336,0.9976039488838034
DC620 - Joshua Tree North,12,55000.0,146520.83333333334,241.3793103448276,76.41666666666667,0.8538285885665572
DC618 - Joshua Tree Highlands,12,217500.0,313491.6666666667,449.8413705583756,82.83333333333333,0.8645655049798898
WIND - Windsor Hills,12,1135000.0,982266.6666666666,576.5993265993266,37.833333333333336,0.8901969537120369
LCMV - Morgan Valley,11,300000.0,352972.7272727273,300.0,94.0,0.8382264046719744
356 - Yucca Valley North,11,41000.0,143772.72727272726,176.74143438768914,149.63636363636363,0.8653876009538813
DSUR - Del Sur,11,17000.0,18000.0,,221.63636363636363,0.6026514746540174
ALT - Alturas-Modoc,11,4500.0,35953.818181818184,138.3108935128519,152.0909090909091,0.7900622453026926
BFSH - Bodfish,11,105000.0,97921.81818181818,99.2843761708505,55.36363636363637,0.9228313263767679
MCPA - Maricopa,11,165000.0,244567.27272727274,186.40350877192984,71.0,0.8950956960694189
DC563 - Pipes Canyon,11,290777.0,390979.7272727273,487.31660007610344,49.45454545454545,0.9191950937385024
WLDN - Weldon,10,33250.0,57900.0,76.07260726072607,45.2,0.8694264634122828
"319 - Desert Center, Eagle Mountain",10,118750.0,138440.0,85.39548928356984,60.4,0.9115289756421824
EBAK - East Bakersfield,10,332500.0,362150.0,214.5336297495851,54.9,0.9245766968144628
92059 - Pala,10,171500.0,494480.0,308.40400925212026,35.9,0.9331683733292058
PALO - Palo Verde,10,46000.0,156040.0,99.09909909909909,218.3,0.7622404228956142
DC565 - Gamma Gulch,10,412500.0,699400.0,407.695374800638,136.2,0.8127781592988708
SLTB - Salton Sea Beach,10,113700.0,108955.7,161.7142458723784,67.7,0.9207931551056753
91931 - Guatay,10,222250.0,352180.4,184.2948717948718,110.4,0.8957606094373969
DC550 - Yucca Valley Northeast,9,235000.0,268633.3333333333,201.0085832270339,54.55555555555556,0.934440185159427
WPT - Westport (includes Branscomb),9,590000.0,798916.6666666666,555.7875605815832,154.77777777777777,0.8596215808483527
COM - Comptche (Comptche and Navarro),9,800000.0,709222.2222222222,458.3333333333333,128.22222222222223,0.8541015700279577
DC544 - Rancho Mesa,9,390900.0,402877.22222222225,221.48916116870876,92.44444444444444,0.9222582065217139
DC572 - New Horizons,9,160000.0,218950.55555555556,242.86039406409776,90.33333333333333,0.890276174879271
239 - Lake Elsinore South,9,510000.0,356938.8888888889,243.0552769460389,89.44444444444444,0.8986973554712924
211 - Temecula-Central North,9,519000.0,399900.55555555556,260.1626016260163,31.666666666666668,0.9957232053776656
245 - Lake Elsinore North,9,35000.0,342110.55555555556,227.91023842917252,62.111111111111114,0.9991652913773907
LCBL - Blue Lakes,9,260000.0,247722.22222222222,275.94627594627593,89.44444444444444,0.903779145462862
358 - Landers/Johnson Valley,9,128000.0,139000.0,280.0,64.33333333333333,0.9137419495540919
ELK - Elk,9,969000.0,1474888.888888889,985.0275807722617,108.55555555555556,0.979103561132361
MDC - Mendocino - Caspar,9,700000.0,930333.3333333334,638.7081713096965,92.0,0.9347045707764639
ARVN - Arvin,9,285000.0,418155.55555555556,212.82284180624484,83.44444444444444,0.9395125222259595
LCWFP - Windflower Point,9,265000.0,512277.77777777775,333.75104427736005,136.0,0.8791659170152887
LCGLN - Glenhaven,9,390000.0,336333.3333333333,225.42960088691797,111.66666666666667,0.8622874981405826
KJCT - Kramer Junction,9,7500.0,11500.0,,134.77777777777777,0.6691785737545035
VVIL - Vandenberg Village,8,617500.0,648225.0,385.5751878324812,34.875,0.9815112362990073
DC610 - Joshua Tree South,8,352500.0,316812.5,257.6233466965498,76.25,0.965477027684833
CDYV - Cuddy Valley,8,482500.0,578687.5,340.86601763555836,56.375,0.9047654878718884
OCOT - Ocotillo,8,45000.0,76750.0,138.88888888888889,43.75,0.8750762706493835
LMNT - Lamont,8,249500.0,241562.5,224.60262612301312,80.25,0.8924312794657108
LCKT - Kono Tayee,8,390000.0,387062.5,252.48596883897883,97.5,0.9148190766974671
BWIL - Buttonwillow,8,30500.0,113781.25,134.3692022263451,77.25,0.8951626545217957
LCMTH - Mount Hannah,8,284500.0,291000.0,286.146559986174,58.375,0.9105560732390601
MMSA - Mountain Mesa,8,167500.0,190593.75,175.6066411238825,65.0,0.9262392254367886
OXSS - Silver Strand,8,1210000.0,1046312.5,762.9969418960245,89.625,0.938962509089577
SMRU - SM Rural,7,485000.0,607571.4285714285,703.1287537537537,106.14285714285714,0.8753201892830635
INYO - Inyokern,7,69000.0,89442.42857142857,78.87469941297121,131.85714285714286,0.7790388122597284
AACR - Aerial Acres,7,3000.0,46050.0,,67.0,14.969209794470553
MR - Marbrisa,7,7000.0,498885.71428571426,4.166666666666667,30.571428571428573,0.9718522754852419
MCFA - McFarland,7,290000.0,304700.0,248.49397590361446,31.285714285714285,0.9484255065280339
LHO - Lake Hollywood,7,435000.0,613921.4285714285,478.4688995215311,63.142857142857146,0.9507796421109368
209 - Temecula-North,7,735000.0,733428.4285714285,328.9469814241486,66.28571428571429,0.9545448843793128
DC532 - Business District,7,20567.0,121433.42857142857,278.27436804087733,104.42857142857143,0.9405180911218458
BVSP - Bear Valley Springs,7,400000.0,428564.14285714284,248.44642857142858,92.0,0.95450095752021
TAHO - Lake Tahoe Area,7,1275000.0,1250552.142857143,666.4340544312631,34.285714285714285,0.9448392441397507
WALD - Walden,7,2100000.0,1733500.0,589.4962486602358,23.142857142857142,1.039942560405079
VC56 - Bardsdale,7,1295000.0,1279857.142857143,890.8333333333333,14.142857142857142,1.0110522421144634
238 - The Farm (Wildomar),7,500000.0,426496.71428571426,293.3904432401148,33.57142857142857,0.9567048890648833
C24 - Northern,7,2800.0,491354.28571428574,3.712418300653595,25.571428571428573,0.9668869333374887
ENCS - Encinitas,7,860000.0,1353528.5714285714,409.280303030303,58.285714285714285,1.1073750095504322
240 - Wildomar,7,505000.0,492071.4285714286,247.60990402331527,30.571428571428573,0.9307349554624906
OXHB - Hollywood Beach,7,6000.0,145807.14285714287,2.797202797202797,75.42857142857143,0.9159082080214337
LCOS - Orchard Shores,6,217500.0,204000.0,148.73511904761904,29.5,0.9837052792733522
207 - Murrieta-Central,6,585500.0,545166.6666666666,325.7006151742994,34.0,1.003822177144772
LCJB - Jago Bay,6,306395.5,464631.8333333333,231.46594696969697,111.66666666666667,0.9331184165336132
660 - La Tuna Canyon and Adjacent,6,1062500.0,1190908.3333333333,443.00766283524905,29.833333333333332,0.9934729778388748
MTCA - Manteca,6,577500.0,567500.0,330.7972688369349,35.0,0.9792282612030209
206 - Murrieta-West,6,283675.0,358641.6666666667,115.55303030303031,25.833333333333332,0.9756902867696647
DC530 - Yucca Valley Southeast,6,362000.0,360500.0,238.57303126809495,108.33333333333333,0.968435808640479
216 - Temecula-Wine Country,6,603250.0,1060251.6666666667,468.2310541362662,67.0,1.004019930359428
RVLT - Roosevelt,6,15750.0,21250.0,,53.833333333333336,1.0621794871794872
VC52 - S.P. East of Ojai/S.P. Road North,6,718500.0,964000.0,384.40860215053766,25.666666666666668,0.9575032408733731
ANV - Anderson Valley (Boonville and Philo),6,627000.0,848916.6666666666,471.2041884816754,144.83333333333334,0.9289257942560009
VC22 - Ventura Beach North of Ventura River,6,760000.0,1661000.0,782.2597255477459,63.833333333333336,0.9376321167072991
PL07 - Quincy,6,290000.0,279583.3333333333,251.1415525114155,102.16666666666667,0.8469381669863741
RDMN - Redman,6,16000.0,19500.0,,151.83333333333334,0.7668266445638708
234 - Lake Elsinore East,6,670000.0,604783.3333333334,250.96807278398484,9.666666666666666,1.0001887704715282
343 - Painted Hills,5,129000.0,219800.0,375.5623386788799,99.0,0.8968228397674018
LCBAR - Bartlett Area,5,195000.0,244600.0,,170.4,0.854522584333905
YG52 - Wishon,5,290000.0,322300.0,255.65201251201907,170.2,0.8336597307324103
KVLE - Kernville,5,345000.0,334000.0,174.5585874799358,141.0,0.8331227849841596
DC536 - Covington Flats,5,150000.0,210000.0,321.8390804597701,365.4,0.777319519044551
BERK - Berkeley,5,782999.0,865269.8,362.3188405797101,33.4,1.011330661449901
92060 - Palomar Mtn,5,381000.0,425000.0,323.49488145526504,89.6,0.8297052559329527
STSP - Stallion Springs,5,370000.0,273607.0,225.75757575757575,127.0,0.9715282013237083
LCTL - Twin Lakes,5,175000.0,384335.4,406.8228105906314,161.4,0.8402202321981423
197 - Long Beach,5,940000.0,1186500.0,650.578101311014,18.2,0.9801281330787843
DC540 - Yucca Valley Northwest,5,27000.0,191190.0,121.30089962121212,56.4,0.8885119855269108
LOLV - Los Olivos,4,1552500.0,1377837.0,1612.9032258064517,121.25,0.8889448453054729
LEIM - Leimert Park,4,997000.0,836612.5,569.6533955462527,56.5,0.8961592380347584
LWIL - Lake Williams,4,550000.0,606250.0,316.4090523707037,82.25,0.9564713202074927
CHIB - Channel Islands Beach,4,660000.0,735625.0,476.3805190013528,39.0,0.9684580123679016
VC51 - S.P. West of Ojai/S.P. Road North,4,1184208.0,1264503.75,363.78041608002223,30.0,1.0394814797235432
LCPC - Paradise Cove,4,844000.0,909500.0,277.01821502694696,132.0,0.9179108871095515
KEEN - Keene,4,357500.0,375500.0,307.4651990084101,54.5,0.9574747474747475
VYMO - Valyermo,4,146500.0,162000.0,108.55263157894737,70.5,0.8587034411816297
SSFO - South San Francisco,4,788750.0,1295200.0,319.7674418604651,67.0,0.8271802630796836
YG60 - Raymond,4,373000.0,327750.0,225.53191489361703,61.75,0.9798711124917927
SMLD - Summerland,4,1774500.0,1936000.0,1246.5373961218836,67.0,0.8932289803220036
HOLT - Holtville,4,334950.0,325725.0,237.91903372741695,61.25,1.0051136363636364
WS - West South SFV,4,1393585.0,1091936.25,731.0077339006338,14.75,0.9851211714849646
OAKV - Oak View,4,1040000.0,989250.0,700.8802932129066,34.5,0.964149803804534
DC580 - Flamingo Heights,4,450000.0,525000.0,314.59960788695764,45.5,0.9603915059660787
LCCB - Corinthian Bay,4,492500.0,491000.0,317.2148947330986,89.0,0.9227206257955919
LCBCR - Butts Canyon Road,4,955000.0,1146250.0,255.3754564695111,159.0,0.8859881180733162
ISLA - Isla Vista,4,2392500.0,2545000.0,,33.0,0.97289229441814
JBRG - Johannesburg,3,15500.0,48833.333333333336,180.18018018018017,410.6666666666667,0.9108187134502924
LCCC - Copsey Creek,3,340000.0,246166.66666666666,238.10661764705884,110.0,0.9372077488309953
GLDH - Golden Hills,3,340000.0,277533.3333333333,195.06597819850833,85.0,0.9040469259559193
CALP - Calipatria,3,155000.0,141000.0,281.8181818181818,140.0,0.864957264957265
213 - Temecula-South,3,565000.0,382733.3333333333,297.2834443874936,18.0,0.9731988199068017
PL12 - Sierra County,3,22000.0,98166.66666666667,222.9020979020979,52.333333333333336,0.7510759532036128
PNCV - Pine Cove,3,582500.0,498833.3333333333,255.86969472593876,71.0,0.7849771487542386
242 - Lake Elsinore Northeast,3,4999.0,112383.0,124.0120701058201,114.66666666666667,0.8611091108332948
GOR - Gorman,3,640000.0,480000.0,,407.0,0.7092896718755184
SCP - South Coast - Point Arena,3,415000.0,719166.6666666666,527.2578911469883,8.666666666666666,0.9703447822081852
SCI - South Coast - Irish Beach,3,890000.0,888666.6666666666,351.7786561264822,142.66666666666666,0.8761815742013761
SCG - South Coast - Gualala,3,530000.0,645000.0,616.2790697674419,70.0,0.8893039102303629
CNTL - Cantil,3,35000.0,65000.0,286.6071428571429,101.33333333333333,1.1028864059590318
RESR - Reseda Ranch,3,900000.0,688998.3333333334,541.1906193625977,9.666666666666666,1.0546488921604984
235 - Quail Valley,3,35000.0,37000.0,,24.333333333333332,0.8961448303220455
236 - Canyon Lake,3,525000.0,396316.6666666667,244.35394298407996,30.333333333333332,0.9774410774410774
BLDH - Baldwin Hills,3,1300000.0,1455500.0,509.94390617032127,199.0,0.7725438240892298
HNBK - Hornbrook,3,40000.0,72000.0,61.16642958748222,116.0,0.7630620855937312
NEEN - Neenach,3,22600.0,29200.0,,62.333333333333336,0.8489545238309525
SWTL - Sawtelle,3,940000.0,712665.0,754.5397841932215,36.0,0.9755761953904368
LKMA - Lake Matthews,3,505000.0,520000.0,374.12232076866223,69.0,0.8453061757409585
WHIS - Whispering Forest,3,375000.0,304433.3333333333,366.2109375,134.33333333333334,0.9907881157375099
204 - Murrieta-Hills West,3,1250000.0,1893333.3333333333,500.0,74.33333333333333,0.9190713782075433
202 - Temecula-Hills West,3,1300000.0,1383333.3333333333,406.83949777091243,67.0,0.8804031583854628
DC561 - Water Canyon,3,130000.0,169666.66666666666,,4.333333333333333,1.0
LKNA - Lake Nacimiento,3,490000.0,590500.0,393.24467791749396,119.66666666666667,0.7393230551125288
231 - Mead Valley,3,190000.0,197533.33333333334,1.6129032258064515,134.33333333333334,0.7424683275747106
SOLE - Soledad,3,632000.0,633666.6666666666,404.0920716112532,36.0,1.0212553568074851
LCWS - Witter Springs,2,360000.0,360000.0,350.87719298245617,84.0,0.8444835680751174
380 - Salton Sea - Riverside County,2,124500.0,124500.0,136.71875,89.0,0.7845528455284553
LCLE - Lands End,2,370000.0,370000.0,267.8223582361927,75.0,0.8628726287262873
WHVN - Winterhaven,2,35500.0,35500.0,71.42857142857143,178.0,0.8046153846153846
CAMBR - Cambrian,2,1700000.0,1700000.0,1141.9523099850967,9.0,0.9542285127199839
LCPIL - Pillsbury,2,73750.0,73750.0,138.88888888888889,15.5,0.962962962962963
LCFIN - Finley,2,545000.0,545000.0,279.2054212064842,132.5,0.869942196531792
LCSS - Seigler Springs,2,314000.0,314000.0,251.21654501216545,272.5,0.7946848160751904
WILS - Willow Springs,2,14000.0,14000.0,,30.5,0.7333333333333334
MHSB - Mission Hills - Santa Barbara,2,1857500.0,1857500.0,1162.94126021111,1.5,1.0678573170080412
CYMA - Cuyama,2,302500.0,302500.0,347.86641929499075,94.0,0.7714408086345725
345 - N.E. Area,2,244925.0,244925.0,156.1666571652164,12.5,1.0191489361702128
PL03 - Lassen County,2,100000.0,100000.0,77.5640044879641,85.0,0.8836335334667555
MKIT - McKittrick,2,30500.0,30500.0,,182.5,0.6714285714285715
233 - Good Hope,2,103000.0,103000.0,,136.5,0.5090053213262382
EDWD - Edward,2,9500.0,9500.0,,167.5,1.0576923076923077
PL09 - Mohawk Valley,2,700000.0,700000.0,281.13231875914767,166.0,0.8118046663821312
ALPF - Alpine Forest,2,30950.0,30950.0,,172.5,0.7525974025974026
PL10 - Portola,2,22850.0,22850.0,1.8794556059624108,15.5,0.9833333333333334
PACG - Pacific Grove,2,1626500.0,1626500.0,1316.3978049713983,6.5,1.1512521001680134
GLNV - Glennville,2,450092500.0,450092500.0,40985.600421084295,221.5,29.34059139784946
346 - S.E. Area,2,80000.0,80000.0,63.10679611650485,305.0,0.6413452348841313
243 - Machado/Country Club Heights,2,39950.0,39950.0,,79.0,1.1875
OAKG - Oak Glen,2,900000.0,900000.0,260.55433040358366,99.0,0.9631268436578171
244 - Old Town Elsinore (Main St Area),2,270000.0,270000.0,414.4144144144144,51.0,0.9476190476190477
ES - East South SFV,2,1202500.0,1202500.0,1088.361688219914,18.0,1.064
SQUC - Sisquoc,1,525000.0,525000.0,448.334756618275,100.0,1.0
DEM - Del Mar,1,375000.0,375000.0,,131.0,0.751503006012024
BST - Bassett,1,1500.0,1500.0,3.75,0.0,0.8823529411764706
BARD - Bard,1,60000.0,60000.0,,69.0,0.6666740741563795
230 - Nuevo/Juniper Flats,1,550000.0,550000.0,412.91291291291293,15.0,1.0396975425330812
SRF - Surf,1,3700.0,3700.0,3.9657020364415865,53.0,0.9487179487179487
CLM - Clairemont Mesa,1,1900000.0,1900000.0,899.1954566966399,6.0,1.1912225705329154
PL02 - Lake Almanor Basin,1,21000.0,21000.0,,3451.0,0.6774193548387096
PL04 - Indian Valley,1,600000.0,600000.0,722.8915662650602,105.0,0.7509386733416771
ONYX - Onyx,1,80000.0,80000.0,128.2051282051282,182.0,1.0
DC570 - Buena Vista To Reche,1,275000.0,275000.0,248.19494584837545,20.0,0.919732441471572
PL05 - NorthEast Plumas County,1,449265.0,449265.0,401.1294642857143,5.0,0.9766651666634057
RAND - Randsburg,1,350000.0,350000.0,,78.0,0.9212950776520137
RCAR - Rancho Carrillo,1,2205000.0,2205000.0,832.0754716981132,0.0,1.0
LALT - Los Altos,1,34000.0,34000.0,3.6908380373425964,42.0,1.2592592592592593
YG51 - O'Neals,1,550000.0,550000.0,276.7991947659789,6.0,1.0
SAC - San Carlos,1,1670000.0,1670000.0,1128.3783783783783,2.0,954.2857142857143
DC590 - Reche North,1,155000.0,155000.0,248.0,105.0,0.775
225 - Romoland,1,502500.0,502500.0,373.88392857142856,12.0,1.0490605427974948
219 - Winchester-South,1,985000.0,985000.0,231.76470588235293,98.0,0.9380952380952381
OLAN - Olancha,1,135000.0,135000.0,,60.0,0.6923076923076923
FLWS - Fellows,1,145000.0,145000.0,161.83035714285714,6.0,0.9669889963321107
349 - Dos Palmas,1,38000.0,38000.0,,32.0,0.95
VC54 - S.P. West of Ojai/S.P. Rd South,1,2600000.0,2600000.0,1777.1701982228299,121.0,0.8387096774193549
GLV - Glenview,1,1400000.0,1400000.0,342.4657534246575,89.0,0.9333333333333333
347 - S.W. Area,1,82000.0,82000.0,71.18055555555556,288.0,0.6307692307692307
CPS - Cahuenga Pass,1,5995.0,5995.0,4.004676018704075,2.0,1.0
HCTR - Hillcrest Center,1,1112500.0,1112500.0,632.1022727272727,44.0,0.9194214876033058
4PNT - Four Points,1,387000.0,387000.0,,2.0,0.9699248120300752
CHOL - Cholame,1,270000.0,270000.0,,6.0,0.9152542372881356
LEG - Lemon Grove,1,2600.0,2600.0,2.4761904761904763,1.0,1.0
LOST - Lost Hills,1,300000.0,300000.0,226.58610271903322,28.0,1.07143239797285
FLOR - Florence,1,565000.0,565000.0,,75.0,0.9432387312186978
675 - East Los Angeles/City Of Commerce,1,570000.0,570000.0,397.7669225401256,27.0,1.0363636363636364
RSPK - Rose Park,1,3300.0,3300.0,1.281055900621118,16.0,0.9705882352941176
UNIV - University City,1,900000.0,900000.0,712.0253164556962,20.0,0.9473684210526315
VVPK - Val Verde Park,1,535000.0,535000.0,586.6228070175439,25.0,0.9744990892531876
UCTY - Universal City,1,925000.0,925000.0,481.5200416449766,52.0,0.9487179487179487
NIET - Los Nietos,1,760000.0,760000.0,783.5051546391752,44.0,1.0134684624616614
BLRD - Ballard,1,1289000.0,1289000.0,1039.516129032258,19.0,0.9374545454545454
CAV - Carmel Valley,1,2800000.0,2800000.0,3104.212860310421,2.0,1.143323805634953
WBRK - Willowbrook,1,675000.0,675000.0,553.2786885245902,73.0,1.0384615384615385
218 - Temecula-Northeast,1,1050000.0,1050000.0,314.84257871064466,18.0,1.0000095239002276
HYDE - Hyde Park,1,600000.0,600000.0,542.49547920434,127.0,0.8109203946479254
RURA - Rural,1,740000.0,740000.0,432.4956165984804,5.0,1.0206896551724138
